id,image_path,breed,ragdoll,split
00438-Bengal-cat-snarling,data/cat_v1/bengal/00438-Bengal-cat-snarling.jpg,bengal,0,train
00441-Very-timid-Brown-Spotted-Bengal-cat-ears-back,data/cat_v1/bengal/00441-Very-timid-Brown-Spotted-Bengal-cat-ears-back.jpg,bengal,0,val
00e79f939696ea0c095603154c4af840,data/cat_v1/bengal/00e79f939696ea0c095603154c4af840.jpg,bengal,0,train
03915-Pair-of-Bengal-kittens-white-background,data/cat_v1/bengal/03915-Pair-of-Bengal-kittens-white-background.jpg,bengal,0,train
04413-Bengal-cat-white-background,data/cat_v1/bengal/04413-Bengal-cat-white-background.jpg,bengal,0,val
047ffa2f7165ccc4585e418ddb800299,data/cat_v1/bengal/047ffa2f7165ccc4585e418ddb800299.jpg,bengal,0,train
05050-Brown-spotted-Bengal-cat-sitting-on-grey-background,data/cat_v1/bengal/05050-Brown-spotted-Bengal-cat-sitting-on-grey-background.jpg,bengal,0,train
09a0c5d574f818471c84cf509fc786dc,data/cat_v1/bengal/09a0c5d574f818471c84cf509fc786dc.jpg,bengal,0,train
0c87060cea587a01f0a254066c95deaa,data/cat_v1/bengal/0c87060cea587a01f0a254066c95deaa.jpg,bengal,0,test
106f59608bc9fc6ac11df31008efdf94,data/cat_v1/bengal/106f59608bc9fc6ac11df31008efdf94.jpg,bengal,0,train
1096165,data/cat_v1/bengal/1096165.jpg,bengal,0,train
1111246,data/cat_v1/bengal/1111246.jpg,bengal,0,train
1113154,data/cat_v1/bengal/1113154.jpg,bengal,0,train
1142194,data/cat_v1/bengal/1142194.jpg,bengal,0,val
119mokiL1,data/cat_v1/bengal/119mokiL1.jpg,bengal,0,val
1200px-Bangie_the_Bengal_Cat,data/cat_v1/bengal/1200px-Bangie_the_Bengal_Cat.jpg,bengal,0,train
122433177_3649288731759742_6202950879910256561_o,data/cat_v1/bengal/122433177_3649288731759742_6202950879910256561_o.jpg,bengal,0,val
12651963_f520,data/cat_v1/bengal/12651963_f520.jpg,bengal,0,val
14105889_f520,data/cat_v1/bengal/14105889_f520.jpg,bengal,0,train
15658-Brown-spotted-Bengal-female-cat,data/cat_v1/bengal/15658-Brown-spotted-Bengal-female-cat.jpg,bengal,0,val
15a0a84bd11fcae601ed41f5672191ba,data/cat_v1/bengal/15a0a84bd11fcae601ed41f5672191ba.jpg,bengal,0,test
1aeae43be56c47450ef4a3354d3e940d,data/cat_v1/bengal/1aeae43be56c47450ef4a3354d3e940d.jpg,bengal,0,val
1b2a68f85a32410fb3fd776927a2f4ef,data/cat_v1/bengal/1b2a68f85a32410fb3fd776927a2f4ef.jpg,bengal,0,train
1e8351aa322b32f7a23980d7cdbed1a8,data/cat_v1/bengal/1e8351aa322b32f7a23980d7cdbed1a8.jpg,bengal,0,train
20121130172827,data/cat_v1/bengal/20121130172827.jpg,bengal,0,train
22384097_10154807489365927_7732210437813358666_o,data/cat_v1/bengal/22384097_10154807489365927_7732210437813358666_o.jpg,bengal,0,train
2308642374_57489bb2ce_o-57b742c15f9b58cdfdb97b03,data/cat_v1/bengal/2308642374_57489bb2ce_o-57b742c15f9b58cdfdb97b03.jpg,bengal,0,val
2385251605b4059a955e526.09727891-profile-1422,data/cat_v1/bengal/2385251605b4059a955e526.09727891-profile-1422.jpg,bengal,0,train
28157986_217164348841297_8045674480825008128_n-5a9606581f4e1300367fff3f,data/cat_v1/bengal/28157986_217164348841297_8045674480825008128_n-5a9606581f4e1300367fff3f.jpg,bengal,0,train
28209b6d36d53298996458299227dca4,data/cat_v1/bengal/28209b6d36d53298996458299227dca4.png,bengal,0,train
28430549_572162953143506_2215371262585208832_n-5a96060b1f4e1300367ff4f0,data/cat_v1/bengal/28430549_572162953143506_2215371262585208832_n-5a96060b1f4e1300367ff4f0.jpg,bengal,0,train
306059656_c4fafc4a87_o,data/cat_v1/bengal/306059656_c4fafc4a87_o.jpg,bengal,0,train
32249-Bengal-female-cat-white-background,data/cat_v1/bengal/32249-Bengal-female-cat-white-background.jpg,bengal,0,train
379800,data/cat_v1/bengal/379800.jpg,bengal,0,train
3931eb090308eeaa58719fe66b9926c3,data/cat_v1/bengal/3931eb090308eeaa58719fe66b9926c3.jpg,bengal,0,test
3be35b792cbaa987776772fd2a67b78e,data/cat_v1/bengal/3be35b792cbaa987776772fd2a67b78e.jpg,bengal,0,test
3eb7e9a7542bdead2c633e4a2b06a588,data/cat_v1/bengal/3eb7e9a7542bdead2c633e4a2b06a588.jpg,bengal,0,train
40706-Portrait-of-Bengal-cat,data/cat_v1/bengal/40706-Portrait-of-Bengal-cat.jpg,bengal,0,test
40725-Bengal-cat-sitting-white-background,data/cat_v1/bengal/40725-Bengal-cat-sitting-white-background.jpg,bengal,0,train
425c7c6eba0b92a7da8d32e4502ff0e5,data/cat_v1/bengal/425c7c6eba0b92a7da8d32e4502ff0e5.jpg,bengal,0,train
42cfe991ab15fe999d446660b4ccb0b8,data/cat_v1/bengal/42cfe991ab15fe999d446660b4ccb0b8.jpg,bengal,0,val
53653d0ade9fc4d625055cd5c45b8d5c,data/cat_v1/bengal/53653d0ade9fc4d625055cd5c45b8d5c.jpg,bengal,0,train
5fba2bc61c502d3177e845b48807e38d,data/cat_v1/bengal/5fba2bc61c502d3177e845b48807e38d.jpg,bengal,0,train
60a954c22bba1,data/cat_v1/bengal/60a954c22bba1.jpg,bengal,0,train
610850dbd28f3cfea67e7d6350a8a0c1,data/cat_v1/bengal/610850dbd28f3cfea67e7d6350a8a0c1.jpg,bengal,0,train
677597,data/cat_v1/bengal/677597.jpg,bengal,0,train
67dd59a71ac467ca3224dd3ce87b1a6e,data/cat_v1/bengal/67dd59a71ac467ca3224dd3ce87b1a6e.jpg,bengal,0,test
687362,data/cat_v1/bengal/687362.jpg,bengal,0,train
68a0ecf22205aca18f080c83a32e083e,data/cat_v1/bengal/68a0ecf22205aca18f080c83a32e083e.jpg,bengal,0,train
6ae66c9e98081d48648b8ecc9784aedf,data/cat_v1/bengal/6ae66c9e98081d48648b8ecc9784aedf.jpg,bengal,0,train
6e3f4bd0cac61152e1e3addadd2f8b99,data/cat_v1/bengal/6e3f4bd0cac61152e1e3addadd2f8b99.jpg,bengal,0,test
7333956_f120,data/cat_v1/bengal/7333956_f120.jpg,bengal,0,train
7705350_f496,data/cat_v1/bengal/7705350_f496.jpg,bengal,0,val
789944-best-bengal-cat-wallpaper-2880x1800-download-free,data/cat_v1/bengal/789944-best-bengal-cat-wallpaper-2880x1800-download-free.jpg,bengal,0,val
7ef579c35092abb4e947cc5f14cd10e0,data/cat_v1/bengal/7ef579c35092abb4e947cc5f14cd10e0.jpg,bengal,0,train
81cfdf3adf43735cfb1ff26f4a39eb37,data/cat_v1/bengal/81cfdf3adf43735cfb1ff26f4a39eb37.jpg,bengal,0,train
82ae5d_88846557182b414c9f209e38a5e1fdca,data/cat_v1/bengal/82ae5d_88846557182b414c9f209e38a5e1fdca.jpg,bengal,0,train
8419356703_be58f9befa_b,data/cat_v1/bengal/8419356703_be58f9befa_b.jpg,bengal,0,test
84820126f5b8ca529e642f1f05e1f16a,data/cat_v1/bengal/84820126f5b8ca529e642f1f05e1f16a.jpg,bengal,0,train
86,data/cat_v1/bengal/86.jpg,bengal,0,train
896b6fec2b1cfe35ca5e756f03832b92,data/cat_v1/bengal/896b6fec2b1cfe35ca5e756f03832b92.jpg,bengal,0,train
8eb8f42f1120b1e839a80b30d46398d1,data/cat_v1/bengal/8eb8f42f1120b1e839a80b30d46398d1.jpg,bengal,0,train
8f85e72ba3af0bab8acfaafa6b84b64e,data/cat_v1/bengal/8f85e72ba3af0bab8acfaafa6b84b64e.jpg,bengal,0,train
92e7c0330b327268daedd9bef9e24b32.2.Snow-Bengal-Cats,data/cat_v1/bengal/92e7c0330b327268daedd9bef9e24b32.2.Snow-Bengal-Cats.jpg,bengal,0,train
999b15a314def9fed80ae19e4f1274f9,data/cat_v1/bengal/999b15a314def9fed80ae19e4f1274f9.jpg,bengal,0,test
A11--scaled,data/cat_v1/bengal/A11--scaled.jpg,bengal,0,train
A1kDTTc,data/cat_v1/bengal/A1kDTTc.jpg,bengal,0,train
AdobeStock_201128593,data/cat_v1/bengal/AdobeStock_201128593.jpg,bengal,0,train
Available-Kitten,data/cat_v1/bengal/Available-Kitten.jpg,bengal,0,train
Beautiful-Bengal-Cat-Playing,data/cat_v1/bengal/Beautiful-Bengal-Cat-Playing.jpg,bengal,0,train
Bengal-Cat-Blog-Photo-003,data/cat_v1/bengal/Bengal-Cat-Blog-Photo-003.jpg,bengal,0,train
Bengal-Cat-Blog-Photo-12080404,data/cat_v1/bengal/Bengal-Cat-Blog-Photo-12080404.jpg,bengal,0,train
Bengal-Cat-Blog-Photo-12122901,data/cat_v1/bengal/Bengal-Cat-Blog-Photo-12122901.jpg,bengal,0,train
Bengal-Cat-Blog-Photo-13022501,data/cat_v1/bengal/Bengal-Cat-Blog-Photo-13022501.jpg,bengal,0,train
Bengal-Cat-Loves-To-Play,data/cat_v1/bengal/Bengal-Cat-Loves-To-Play.jpg,bengal,0,train
Bengal-cat (2),data/cat_v1/bengal/Bengal-cat (2).jpg,bengal,0,test
Bengal7-1,data/cat_v1/bengal/Bengal7-1.jpg,bengal,0,train
Bengal9,data/cat_v1/bengal/Bengal9.jpg,bengal,0,train
BengalCatClose,data/cat_v1/bengal/BengalCatClose.jpg,bengal,0,train
Bengal_1,data/cat_v1/bengal/Bengal_1.jpg,bengal,0,train
Bengal_10,data/cat_v1/bengal/Bengal_10.jpg,bengal,0,train
Bengal_100,data/cat_v1/bengal/Bengal_100.jpg,bengal,0,train
Bengal_101,data/cat_v1/bengal/Bengal_101.jpg,bengal,0,train
Bengal_102,data/cat_v1/bengal/Bengal_102.jpg,bengal,0,train
Bengal_103,data/cat_v1/bengal/Bengal_103.jpg,bengal,0,train
Bengal_104,data/cat_v1/bengal/Bengal_104.jpg,bengal,0,train
Bengal_105,data/cat_v1/bengal/Bengal_105.jpg,bengal,0,train
Bengal_106,data/cat_v1/bengal/Bengal_106.jpg,bengal,0,val
Bengal_107,data/cat_v1/bengal/Bengal_107.jpg,bengal,0,train
Bengal_108,data/cat_v1/bengal/Bengal_108.jpg,bengal,0,train
Bengal_109,data/cat_v1/bengal/Bengal_109.jpg,bengal,0,train
Bengal_11,data/cat_v1/bengal/Bengal_11.jpg,bengal,0,val
Bengal_110,data/cat_v1/bengal/Bengal_110.jpg,bengal,0,train
Bengal_111,data/cat_v1/bengal/Bengal_111.jpg,bengal,0,train
Bengal_112,data/cat_v1/bengal/Bengal_112.jpg,bengal,0,train
Bengal_113,data/cat_v1/bengal/Bengal_113.jpg,bengal,0,val
Bengal_114,data/cat_v1/bengal/Bengal_114.jpg,bengal,0,train
Bengal_115,data/cat_v1/bengal/Bengal_115.jpg,bengal,0,train
Bengal_116,data/cat_v1/bengal/Bengal_116.jpg,bengal,0,val
Bengal_117,data/cat_v1/bengal/Bengal_117.jpg,bengal,0,train
Bengal_118,data/cat_v1/bengal/Bengal_118.jpg,bengal,0,train
Bengal_119,data/cat_v1/bengal/Bengal_119.jpg,bengal,0,train
Bengal_12,data/cat_v1/bengal/Bengal_12.jpg,bengal,0,test
Bengal_120,data/cat_v1/bengal/Bengal_120.jpg,bengal,0,val
Bengal_121,data/cat_v1/bengal/Bengal_121.jpg,bengal,0,train
Bengal_122,data/cat_v1/bengal/Bengal_122.jpg,bengal,0,test
Bengal_123,data/cat_v1/bengal/Bengal_123.jpg,bengal,0,train
Bengal_124,data/cat_v1/bengal/Bengal_124.jpg,bengal,0,train
Bengal_125,data/cat_v1/bengal/Bengal_125.jpg,bengal,0,train
Bengal_126,data/cat_v1/bengal/Bengal_126.jpg,bengal,0,train
Bengal_127,data/cat_v1/bengal/Bengal_127.jpg,bengal,0,train
Bengal_128,data/cat_v1/bengal/Bengal_128.jpg,bengal,0,train
Bengal_129,data/cat_v1/bengal/Bengal_129.jpg,bengal,0,test
Bengal_13,data/cat_v1/bengal/Bengal_13.jpg,bengal,0,train
Bengal_130,data/cat_v1/bengal/Bengal_130.jpg,bengal,0,train
Bengal_131,data/cat_v1/bengal/Bengal_131.jpg,bengal,0,train
Bengal_132,data/cat_v1/bengal/Bengal_132.jpg,bengal,0,test
Bengal_133,data/cat_v1/bengal/Bengal_133.jpg,bengal,0,test
Bengal_134,data/cat_v1/bengal/Bengal_134.jpg,bengal,0,train
Bengal_135,data/cat_v1/bengal/Bengal_135.jpg,bengal,0,test
Bengal_136,data/cat_v1/bengal/Bengal_136.jpg,bengal,0,train
Bengal_137,data/cat_v1/bengal/Bengal_137.jpg,bengal,0,val
Bengal_138,data/cat_v1/bengal/Bengal_138.jpg,bengal,0,val
Bengal_139,data/cat_v1/bengal/Bengal_139.jpg,bengal,0,train
Bengal_14,data/cat_v1/bengal/Bengal_14.jpg,bengal,0,test
Bengal_140,data/cat_v1/bengal/Bengal_140.jpg,bengal,0,train
Bengal_141,data/cat_v1/bengal/Bengal_141.jpg,bengal,0,val
Bengal_142,data/cat_v1/bengal/Bengal_142.jpg,bengal,0,test
Bengal_143,data/cat_v1/bengal/Bengal_143.jpg,bengal,0,train
Bengal_144,data/cat_v1/bengal/Bengal_144.jpg,bengal,0,train
Bengal_145,data/cat_v1/bengal/Bengal_145.jpg,bengal,0,val
Bengal_146,data/cat_v1/bengal/Bengal_146.jpg,bengal,0,train
Bengal_147,data/cat_v1/bengal/Bengal_147.jpg,bengal,0,train
Bengal_148,data/cat_v1/bengal/Bengal_148.jpg,bengal,0,train
Bengal_149,data/cat_v1/bengal/Bengal_149.jpg,bengal,0,test
Bengal_15,data/cat_v1/bengal/Bengal_15.jpg,bengal,0,train
Bengal_150,data/cat_v1/bengal/Bengal_150.jpg,bengal,0,train
Bengal_151,data/cat_v1/bengal/Bengal_151.jpg,bengal,0,train
Bengal_152,data/cat_v1/bengal/Bengal_152.jpg,bengal,0,train
Bengal_153,data/cat_v1/bengal/Bengal_153.jpg,bengal,0,train
Bengal_154,data/cat_v1/bengal/Bengal_154.jpg,bengal,0,train
Bengal_155,data/cat_v1/bengal/Bengal_155.jpg,bengal,0,train
Bengal_156,data/cat_v1/bengal/Bengal_156.jpg,bengal,0,test
Bengal_157,data/cat_v1/bengal/Bengal_157.jpg,bengal,0,test
Bengal_158,data/cat_v1/bengal/Bengal_158.jpg,bengal,0,train
Bengal_159,data/cat_v1/bengal/Bengal_159.jpg,bengal,0,train
Bengal_16,data/cat_v1/bengal/Bengal_16.jpg,bengal,0,val
Bengal_160,data/cat_v1/bengal/Bengal_160.jpg,bengal,0,train
Bengal_161,data/cat_v1/bengal/Bengal_161.jpg,bengal,0,train
Bengal_162,data/cat_v1/bengal/Bengal_162.jpg,bengal,0,test
Bengal_163,data/cat_v1/bengal/Bengal_163.jpg,bengal,0,val
Bengal_164,data/cat_v1/bengal/Bengal_164.jpg,bengal,0,val
Bengal_165,data/cat_v1/bengal/Bengal_165.jpg,bengal,0,test
Bengal_166,data/cat_v1/bengal/Bengal_166.jpg,bengal,0,test
Bengal_167,data/cat_v1/bengal/Bengal_167.jpg,bengal,0,test
Bengal_168,data/cat_v1/bengal/Bengal_168.jpg,bengal,0,train
Bengal_169,data/cat_v1/bengal/Bengal_169.jpg,bengal,0,train
Bengal_17,data/cat_v1/bengal/Bengal_17.jpg,bengal,0,val
Bengal_170,data/cat_v1/bengal/Bengal_170.jpg,bengal,0,train
Bengal_171,data/cat_v1/bengal/Bengal_171.jpg,bengal,0,train
Bengal_172,data/cat_v1/bengal/Bengal_172.jpg,bengal,0,test
Bengal_173,data/cat_v1/bengal/Bengal_173.jpg,bengal,0,test
Bengal_174,data/cat_v1/bengal/Bengal_174.jpg,bengal,0,train
Bengal_175,data/cat_v1/bengal/Bengal_175.jpg,bengal,0,train
Bengal_176,data/cat_v1/bengal/Bengal_176.jpg,bengal,0,train
Bengal_177,data/cat_v1/bengal/Bengal_177.jpg,bengal,0,train
Bengal_178,data/cat_v1/bengal/Bengal_178.jpg,bengal,0,test
Bengal_179,data/cat_v1/bengal/Bengal_179.jpg,bengal,0,train
Bengal_18,data/cat_v1/bengal/Bengal_18.jpg,bengal,0,train
Bengal_180,data/cat_v1/bengal/Bengal_180.jpg,bengal,0,train
Bengal_182,data/cat_v1/bengal/Bengal_182.jpg,bengal,0,train
Bengal_183,data/cat_v1/bengal/Bengal_183.jpg,bengal,0,train
Bengal_184,data/cat_v1/bengal/Bengal_184.jpg,bengal,0,train
Bengal_185,data/cat_v1/bengal/Bengal_185.jpg,bengal,0,train
Bengal_186,data/cat_v1/bengal/Bengal_186.jpg,bengal,0,train
Bengal_19,data/cat_v1/bengal/Bengal_19.jpg,bengal,0,train
Bengal_2,data/cat_v1/bengal/Bengal_2.jpg,bengal,0,train
Bengal_20,data/cat_v1/bengal/Bengal_20.jpg,bengal,0,train
Bengal_21,data/cat_v1/bengal/Bengal_21.jpg,bengal,0,train
Bengal_22,data/cat_v1/bengal/Bengal_22.jpg,bengal,0,train
Bengal_23,data/cat_v1/bengal/Bengal_23.jpg,bengal,0,test
Bengal_24,data/cat_v1/bengal/Bengal_24.jpg,bengal,0,train
Bengal_25,data/cat_v1/bengal/Bengal_25.jpg,bengal,0,train
Bengal_26,data/cat_v1/bengal/Bengal_26.jpg,bengal,0,train
Bengal_27,data/cat_v1/bengal/Bengal_27.jpg,bengal,0,train
Bengal_28,data/cat_v1/bengal/Bengal_28.jpg,bengal,0,train
Bengal_29,data/cat_v1/bengal/Bengal_29.jpg,bengal,0,val
Bengal_3,data/cat_v1/bengal/Bengal_3.jpg,bengal,0,test
Bengal_30,data/cat_v1/bengal/Bengal_30.jpg,bengal,0,val
Bengal_31,data/cat_v1/bengal/Bengal_31.jpg,bengal,0,test
Bengal_32,data/cat_v1/bengal/Bengal_32.jpg,bengal,0,val
Bengal_33,data/cat_v1/bengal/Bengal_33.jpg,bengal,0,train
Bengal_34,data/cat_v1/bengal/Bengal_34.jpg,bengal,0,train
Bengal_35,data/cat_v1/bengal/Bengal_35.jpg,bengal,0,train
Bengal_36,data/cat_v1/bengal/Bengal_36.jpg,bengal,0,train
Bengal_37,data/cat_v1/bengal/Bengal_37.jpg,bengal,0,test
Bengal_38,data/cat_v1/bengal/Bengal_38.jpg,bengal,0,train
Bengal_39,data/cat_v1/bengal/Bengal_39.jpg,bengal,0,val
Bengal_4,data/cat_v1/bengal/Bengal_4.jpg,bengal,0,train
Bengal_40,data/cat_v1/bengal/Bengal_40.jpg,bengal,0,train
Bengal_41,data/cat_v1/bengal/Bengal_41.jpg,bengal,0,test
Bengal_42,data/cat_v1/bengal/Bengal_42.jpg,bengal,0,test
Bengal_43,data/cat_v1/bengal/Bengal_43.jpg,bengal,0,test
Bengal_44,data/cat_v1/bengal/Bengal_44.jpg,bengal,0,train
Bengal_45,data/cat_v1/bengal/Bengal_45.jpg,bengal,0,train
Bengal_46,data/cat_v1/bengal/Bengal_46.jpg,bengal,0,test
Bengal_47,data/cat_v1/bengal/Bengal_47.jpg,bengal,0,test
Bengal_48,data/cat_v1/bengal/Bengal_48.jpg,bengal,0,val
Bengal_49,data/cat_v1/bengal/Bengal_49.jpg,bengal,0,train
Bengal_5,data/cat_v1/bengal/Bengal_5.jpg,bengal,0,train
Bengal_50,data/cat_v1/bengal/Bengal_50.jpg,bengal,0,train
Bengal_51,data/cat_v1/bengal/Bengal_51.jpg,bengal,0,train
Bengal_52,data/cat_v1/bengal/Bengal_52.jpg,bengal,0,train
Bengal_53,data/cat_v1/bengal/Bengal_53.jpg,bengal,0,train
Bengal_54,data/cat_v1/bengal/Bengal_54.jpg,bengal,0,train
Bengal_55,data/cat_v1/bengal/Bengal_55.jpg,bengal,0,train
Bengal_56,data/cat_v1/bengal/Bengal_56.jpg,bengal,0,test
Bengal_57,data/cat_v1/bengal/Bengal_57.jpg,bengal,0,train
Bengal_58,data/cat_v1/bengal/Bengal_58.jpg,bengal,0,train
Bengal_59,data/cat_v1/bengal/Bengal_59.jpg,bengal,0,test
Bengal_6,data/cat_v1/bengal/Bengal_6.jpg,bengal,0,train
Bengal_60,data/cat_v1/bengal/Bengal_60.jpg,bengal,0,train
Bengal_61,data/cat_v1/bengal/Bengal_61.jpg,bengal,0,train
Bengal_62,data/cat_v1/bengal/Bengal_62.jpg,bengal,0,train
Bengal_63,data/cat_v1/bengal/Bengal_63.jpg,bengal,0,train
Bengal_64,data/cat_v1/bengal/Bengal_64.jpg,bengal,0,test
Bengal_65,data/cat_v1/bengal/Bengal_65.jpg,bengal,0,train
Bengal_66,data/cat_v1/bengal/Bengal_66.jpg,bengal,0,train
Bengal_67,data/cat_v1/bengal/Bengal_67.jpg,bengal,0,train
Bengal_68,data/cat_v1/bengal/Bengal_68.jpg,bengal,0,test
Bengal_69,data/cat_v1/bengal/Bengal_69.jpg,bengal,0,val
Bengal_7,data/cat_v1/bengal/Bengal_7.jpg,bengal,0,train
Bengal_70,data/cat_v1/bengal/Bengal_70.jpg,bengal,0,train
Bengal_71,data/cat_v1/bengal/Bengal_71.jpg,bengal,0,train
Bengal_72,data/cat_v1/bengal/Bengal_72.jpg,bengal,0,train
Bengal_73,data/cat_v1/bengal/Bengal_73.jpg,bengal,0,train
Bengal_74,data/cat_v1/bengal/Bengal_74.jpg,bengal,0,val
Bengal_75,data/cat_v1/bengal/Bengal_75.jpg,bengal,0,train
Bengal_76,data/cat_v1/bengal/Bengal_76.jpg,bengal,0,train
Bengal_77,data/cat_v1/bengal/Bengal_77.jpg,bengal,0,train
Bengal_78,data/cat_v1/bengal/Bengal_78.jpg,bengal,0,train
Bengal_79,data/cat_v1/bengal/Bengal_79.jpg,bengal,0,val
Bengal_8,data/cat_v1/bengal/Bengal_8.jpg,bengal,0,train
Bengal_80,data/cat_v1/bengal/Bengal_80.jpg,bengal,0,train
Bengal_81,data/cat_v1/bengal/Bengal_81.jpg,bengal,0,train
Bengal_82,data/cat_v1/bengal/Bengal_82.jpg,bengal,0,val
Bengal_83,data/cat_v1/bengal/Bengal_83.jpg,bengal,0,val
Bengal_84,data/cat_v1/bengal/Bengal_84.jpg,bengal,0,train
Bengal_85,data/cat_v1/bengal/Bengal_85.jpg,bengal,0,train
Bengal_86,data/cat_v1/bengal/Bengal_86.jpg,bengal,0,train
Bengal_87,data/cat_v1/bengal/Bengal_87.jpg,bengal,0,train
Bengal_88,data/cat_v1/bengal/Bengal_88.jpg,bengal,0,train
Bengal_89,data/cat_v1/bengal/Bengal_89.jpg,bengal,0,val
Bengal_9,data/cat_v1/bengal/Bengal_9.jpg,bengal,0,val
Bengal_90,data/cat_v1/bengal/Bengal_90.jpg,bengal,0,train
Bengal_91,data/cat_v1/bengal/Bengal_91.jpg,bengal,0,train
Bengal_92,data/cat_v1/bengal/Bengal_92.jpg,bengal,0,train
Bengal_93,data/cat_v1/bengal/Bengal_93.jpg,bengal,0,train
Bengal_94,data/cat_v1/bengal/Bengal_94.jpg,bengal,0,train
Bengal_95,data/cat_v1/bengal/Bengal_95.jpg,bengal,0,train
Bengal_96,data/cat_v1/bengal/Bengal_96.jpg,bengal,0,train
Bengal_97,data/cat_v1/bengal/Bengal_97.jpg,bengal,0,train
Bengal_98,data/cat_v1/bengal/Bengal_98.jpg,bengal,0,val
Bengal_99,data/cat_v1/bengal/Bengal_99.jpg,bengal,0,test
Bengal_Cat,data/cat_v1/bengal/Bengal_Cat.jpg,bengal,0,train
Bengal_cat_2,data/cat_v1/bengal/Bengal_cat_2.jpg,bengal,0,train
Bengal_chat,data/cat_v1/bengal/Bengal_chat.jpg,bengal,0,train
Big-Bengal-Cat-Is-Very-Lazy,data/cat_v1/bengal/Big-Bengal-Cat-Is-Very-Lazy.jpg,bengal,0,train
Brilliant-Brown-Bengal-Cat-Looking-Up,data/cat_v1/bengal/Brilliant-Brown-Bengal-Cat-Looking-Up.jpg,bengal,0,test
Canva-Bengal-cat-Portrait,data/cat_v1/bengal/Canva-Bengal-cat-Portrait.jpg,bengal,0,test
Cat-L00131926-euscNM-orig,data/cat_v1/bengal/Cat-L00131926-euscNM-orig.jpg,bengal,0,train
Cutest-Bengal-Cat-Have-Gorgeous-Blue-Eyes,data/cat_v1/bengal/Cutest-Bengal-Cat-Have-Gorgeous-Blue-Eyes.jpg,bengal,0,test
Fantastic-Bengal-Cat-With-Green-Eyes,data/cat_v1/bengal/Fantastic-Bengal-Cat-With-Green-Eyes.jpg,bengal,0,train
Full-Grown-Adult-Bengal-Cat-Sitting-On-Floor,data/cat_v1/bengal/Full-Grown-Adult-Bengal-Cat-Sitting-On-Floor.jpg,bengal,0,train
Gato-bengal-grandes-factos-que-desconhece,data/cat_v1/bengal/Gato-bengal-grandes-factos-que-desconhece.jpg,bengal,0,train
GettyImages-140000553-5bd2454846e0fb0051a52178,data/cat_v1/bengal/GettyImages-140000553-5bd2454846e0fb0051a52178.jpg,bengal,0,train
Golden-And-Black-Bengal-Cat-In-Womans-Arm,data/cat_v1/bengal/Golden-And-Black-Bengal-Cat-In-Womans-Arm.jpg,bengal,0,val
IMG_9518,data/cat_v1/bengal/IMG_9518.jpg,bengal,0,train
IMG_9526,data/cat_v1/bengal/IMG_9526.jpg,bengal,0,train
Mind-Blowing-Bengal-Cat-Mother-With-Their-Small-Kids,data/cat_v1/bengal/Mind-Blowing-Bengal-Cat-Mother-With-Their-Small-Kids.jpg,bengal,0,val
My-little-dude-apollo-the-bengal-cat,data/cat_v1/bengal/My-little-dude-apollo-the-bengal-cat.jpg,bengal,0,train
Photo3-1-1024x1024,data/cat_v1/bengal/Photo3-1-1024x1024.jpg,bengal,0,train
QkzHIH8,data/cat_v1/bengal/QkzHIH8.jpg,bengal,0,train
Seal-Lynx-Point,data/cat_v1/bengal/Seal-Lynx-Point.jpg,bengal,0,val
Small-Bengal-Cat-Kitten-With-Tiny-Tail,data/cat_v1/bengal/Small-Bengal-Cat-Kitten-With-Tiny-Tail.jpg,bengal,0,train
Snow-Bengal-Cat,data/cat_v1/bengal/Snow-Bengal-Cat.png,bengal,0,train
TgqzRs,data/cat_v1/bengal/TgqzRs.jpg,bengal,0,train
Thor-Belgian-Bengal-Cat,data/cat_v1/bengal/Thor-Belgian-Bengal-Cat.jpg,bengal,0,train
Two_bengal_cats_edit,data/cat_v1/bengal/Two_bengal_cats_edit.jpg,bengal,0,val
Very-Lazy-Bengal-Cat-Have-Green-Eyes,data/cat_v1/bengal/Very-Lazy-Bengal-Cat-Have-Green-Eyes.jpg,bengal,0,train
WwOtFWJ,data/cat_v1/bengal/WwOtFWJ.jpg,bengal,0,train
a3affb33a4ae8e429f0874b01dd7b0d1,data/cat_v1/bengal/a3affb33a4ae8e429f0874b01dd7b0d1.jpg,bengal,0,train
ab5af54db4045d1bca31bc4a8bd29911,data/cat_v1/bengal/ab5af54db4045d1bca31bc4a8bd29911.jpg,bengal,0,train
amur-leopard-cub-bengal-cat-photography-wallpaper,data/cat_v1/bengal/amur-leopard-cub-bengal-cat-photography-wallpaper.jpg,bengal,0,test
b11acb20797de687a98396435c9ec0ee,data/cat_v1/bengal/b11acb20797de687a98396435c9ec0ee.jpg,bengal,0,train
b17,data/cat_v1/bengal/b17.jpg,bengal,0,val
b9d81405fffd73fdd76b81cc3765ae2c,data/cat_v1/bengal/b9d81405fffd73fdd76b81cc3765ae2c.jpg,bengal,0,train
ba38842b26fb69a89f7cbab2e89b3302,data/cat_v1/bengal/ba38842b26fb69a89f7cbab2e89b3302.jpg,bengal,0,train
babbling-bengals,data/cat_v1/bengal/babbling-bengals.jpg,bengal,0,train
beigeboy2frontlg5wks,data/cat_v1/bengal/beigeboy2frontlg5wks.jpg,bengal,0,train
bengal-534185,data/cat_v1/bengal/bengal-534185.jpg,bengal,0,train
bengal-556672,data/cat_v1/bengal/bengal-556672.jpg,bengal,0,test
bengal-582741,data/cat_v1/bengal/bengal-582741.jpeg,bengal,0,train
bengal-cat (1),data/cat_v1/bengal/bengal-cat (1).jpg,bengal,0,train
bengal-cat-1331937,data/cat_v1/bengal/bengal-cat-1331937.jpg,bengal,0,val
bengal-cat-1337628,data/cat_v1/bengal/bengal-cat-1337628.jpg,bengal,0,train
bengal-cat-9,data/cat_v1/bengal/bengal-cat-9.jpg,bengal,0,train
bengal-cat-breed,data/cat_v1/bengal/bengal-cat-breed.jpg,bengal,0,train
bengal-cat-in-funny-position-1335167,data/cat_v1/bengal/bengal-cat-in-funny-position-1335167.jpg,bengal,0,train
bengal-cat-looking-back-1335152,data/cat_v1/bengal/bengal-cat-looking-back-1335152.jpg,bengal,0,train
bengal-cat-not-a-pet-for-everyone,data/cat_v1/bengal/bengal-cat-not-a-pet-for-everyone.jpg,bengal,0,train
bengal-cat-on-blanket-1331931,data/cat_v1/bengal/bengal-cat-on-blanket-1331931.jpg,bengal,0,train
bengal-cat-running-in-snow-1336009,data/cat_v1/bengal/bengal-cat-running-in-snow-1336009.jpg,bengal,0,train
bengal-cat-sitting-on-garden-table-1334048,data/cat_v1/bengal/bengal-cat-sitting-on-garden-table-1334048.jpg,bengal,0,test
bengal-cat,data/cat_v1/bengal/bengal-cat.jpg,bengal,0,train
bengal-cat9,data/cat_v1/bengal/bengal-cat9.jpg,bengal,0,test
bengal-cat_sm,data/cat_v1/bengal/bengal-cat_sm.jpg,bengal,0,train
bengal-esa-cat-mango-clinic,data/cat_v1/bengal/bengal-esa-cat-mango-clinic.jpg,bengal,0,test
bengal-kitten-860995,data/cat_v1/bengal/bengal-kitten-860995.jpg,bengal,0,train
bengal-kitten-9,data/cat_v1/bengal/bengal-kitten-9.jpg,bengal,0,train
bengal291-1,data/cat_v1/bengal/bengal291-1.jpg,bengal,0,test
bengal_2042592_1920,data/cat_v1/bengal/bengal_2042592_1920.jpg,bengal,0,train
bengal_cat_stock_20140324_1_by_furlined-d7kmoef,data/cat_v1/bengal/bengal_cat_stock_20140324_1_by_furlined-d7kmoef.jpg,bengal,0,train
bengalcat-56a2bcd95f9b58b7d0cdf798,data/cat_v1/bengal/bengalcat-56a2bcd95f9b58b7d0cdf798.jpg,bengal,0,train
bild-20140514210810,data/cat_v1/bengal/bild-20140514210810.jpg,bengal,0,train
boy-bengal-cat-names,data/cat_v1/bengal/boy-bengal-cat-names.jpg,bengal,0,train
cool-bengal-cat-names,data/cat_v1/bengal/cool-bengal-cat-names.jpg,bengal,0,train
cute-bengal-cat-2560x1600-wide-wallpapers.net,data/cat_v1/bengal/cute-bengal-cat-2560x1600-wide-wallpapers.net.jpg,bengal,0,train
cute-bengal-cat-names,data/cat_v1/bengal/cute-bengal-cat-names.jpg,bengal,0,train
d30490cd8cffc4faa8f9c5c55e633529,data/cat_v1/bengal/d30490cd8cffc4faa8f9c5c55e633529.jpg,bengal,0,train
dce7879e1be9d6fb1098e3a2517a5ba8,data/cat_v1/bengal/dce7879e1be9d6fb1098e3a2517a5ba8.jpg,bengal,0,val
e4abdc9e6db9fdfce4d92cd576eda658,data/cat_v1/bengal/e4abdc9e6db9fdfce4d92cd576eda658.jpg,bengal,0,train
ebe4dba7f07ec3734ec73da194467701,data/cat_v1/bengal/ebe4dba7f07ec3734ec73da194467701.jpg,bengal,0,train
f8fcdf63b055734d2348055e4efeccf9,data/cat_v1/bengal/f8fcdf63b055734d2348055e4efeccf9.jpg,bengal,0,train
featured-bengal-cat-price,data/cat_v1/bengal/featured-bengal-cat-price.jpg,bengal,0,train
fullsizeoutput_4f30,data/cat_v1/bengal/fullsizeoutput_4f30.jpg,bengal,0,train
fullsizeoutput_63d4,data/cat_v1/bengal/fullsizeoutput_63d4.jpg,bengal,0,train
fullsizeoutput_63f0,data/cat_v1/bengal/fullsizeoutput_63f0.jpg,bengal,0,val
fullsizeoutput_6412,data/cat_v1/bengal/fullsizeoutput_6412.jpg,bengal,0,train
g_snow_7,data/cat_v1/bengal/g_snow_7.jpg,bengal,0,train
i6yb8bicghp31,data/cat_v1/bengal/i6yb8bicghp31.jpg,bengal,0,train
image,data/cat_v1/bengal/image.jpg,bengal,0,val
image1_3-3,data/cat_v1/bengal/image1_3-3.jpg,bengal,0,train
image2_8-2,data/cat_v1/bengal/image2_8-2.jpg,bengal,0,test
image3_2-1,data/cat_v1/bengal/image3_2-1.jpg,bengal,0,train
imageOriginal,data/cat_v1/bengal/imageOriginal.jpg,bengal,0,test
img_9451,data/cat_v1/bengal/img_9451.jpg,bengal,0,train
img_9728,data/cat_v1/bengal/img_9728.jpg,bengal,0,train
kan-143-scaled,data/cat_v1/bengal/kan-143-scaled.jpg,bengal,0,train
lounging_bengal_cat_stock_20130804_1_by_furlined-d6gn2pf,data/cat_v1/bengal/lounging_bengal_cat_stock_20130804_1_by_furlined-d6gn2pf.jpg,bengal,0,test
maxresdefault-60,data/cat_v1/bengal/maxresdefault-60.jpg,bengal,0,train
nebss,data/cat_v1/bengal/nebss.jpg,bengal,0,train
pexels-photo-326971,data/cat_v1/bengal/pexels-photo-326971.jpeg,bengal,0,train
pexels-photo-977955,data/cat_v1/bengal/pexels-photo-977955.jpeg,bengal,0,val
silver-bengal-cat-names,data/cat_v1/bengal/silver-bengal-cat-names.jpg,bengal,0,train
silver-spotted-bengal,data/cat_v1/bengal/silver-spotted-bengal.jpg,bengal,0,train
thumb-1920-1033849,data/cat_v1/bengal/thumb-1920-1033849.jpg,bengal,0,train
wp2495202,data/cat_v1/bengal/wp2495202.jpg,bengal,0,train
wp4247071,data/cat_v1/bengal/wp4247071.jpg,bengal,0,train
wp4247085,data/cat_v1/bengal/wp4247085.jpg,bengal,0,train
xhl9l24plbw01,data/cat_v1/bengal/xhl9l24plbw01.jpg,bengal,0,train
zdh28okbkl311,data/cat_v1/bengal/zdh28okbkl311.jpg,bengal,0,train
046dce16530c0e2f62348adc724dbc4b,data/cat_v1/domestic_shorthair/046dce16530c0e2f62348adc724dbc4b.jpg,domestic_shorthair,0,train
04f2e5e2f67443c7c3299ce4078dc2a2,data/cat_v1/domestic_shorthair/04f2e5e2f67443c7c3299ce4078dc2a2.jpg,domestic_shorthair,0,train
0C40F888-7B22-4B2C-88B5-049BBB40E374,data/cat_v1/domestic_shorthair/0C40F888-7B22-4B2C-88B5-049BBB40E374.jpeg,domestic_shorthair,0,train
0cd53884802ed1f687f6ddb860973b8b,data/cat_v1/domestic_shorthair/0cd53884802ed1f687f6ddb860973b8b.jpg,domestic_shorthair,0,train
10bc40c87f24b7442f454f90f1248e16,data/cat_v1/domestic_shorthair/10bc40c87f24b7442f454f90f1248e16.jpg,domestic_shorthair,0,train
1200-93358197-domestic-shorthair-cats-playing,data/cat_v1/domestic_shorthair/1200-93358197-domestic-shorthair-cats-playing.jpg,domestic_shorthair,0,train
1200px-American_Shorthair,data/cat_v1/domestic_shorthair/1200px-American_Shorthair.jpg,domestic_shorthair,0,train
1200px-Cat03,data/cat_v1/domestic_shorthair/1200px-Cat03.jpg,domestic_shorthair,0,test
1200x0 (1),data/cat_v1/domestic_shorthair/1200x0 (1).jpg,domestic_shorthair,0,train
1200x0 (2),data/cat_v1/domestic_shorthair/1200x0 (2).jpg,domestic_shorthair,0,train
1200x0 (3),data/cat_v1/domestic_shorthair/1200x0 (3).jpg,domestic_shorthair,0,train
1200x0,data/cat_v1/domestic_shorthair/1200x0.jpg,domestic_shorthair,0,train
1280-594481594-little-kitten-scaled,data/cat_v1/domestic_shorthair/1280-594481594-little-kitten-scaled.jpg,domestic_shorthair,0,train
1286px-British_Shorthair_Cat,data/cat_v1/domestic_shorthair/1286px-British_Shorthair_Cat.jpg,domestic_shorthair,0,train
13299451414_6217c5c653_b,data/cat_v1/domestic_shorthair/13299451414_6217c5c653_b.jpg,domestic_shorthair,0,train
1585003597_2615038995e793c4deb2bb,data/cat_v1/domestic_shorthair/1585003597_2615038995e793c4deb2bb.jpeg,domestic_shorthair,0,train
17e3677e829dc216edcc4c1982680495,data/cat_v1/domestic_shorthair/17e3677e829dc216edcc4c1982680495.jpg,domestic_shorthair,0,test
189edc1cdd4d2ad45352e6d5a05ebdf2,data/cat_v1/domestic_shorthair/189edc1cdd4d2ad45352e6d5a05ebdf2.jpg,domestic_shorthair,0,test
19072-British-Shorthair-tabby-tortoiseshell-cat-reclining-white-background,data/cat_v1/domestic_shorthair/19072-British-Shorthair-tabby-tortoiseshell-cat-reclining-white-background.jpg,domestic_shorthair,0,train
19c64d2430d89fb1d0b21f3037b52431,data/cat_v1/domestic_shorthair/19c64d2430d89fb1d0b21f3037b52431.jpg,domestic_shorthair,0,train
20-02-2020RG-3-scaled,data/cat_v1/domestic_shorthair/20-02-2020RG-3-scaled.jpg,domestic_shorthair,0,train
20171217_153823,data/cat_v1/domestic_shorthair/20171217_153823.jpg,domestic_shorthair,0,train
20180808_221155,data/cat_v1/domestic_shorthair/20180808_221155.jpg,domestic_shorthair,0,test
204574584,data/cat_v1/domestic_shorthair/204574584.jpg,domestic_shorthair,0,test
204646681,data/cat_v1/domestic_shorthair/204646681.jpg,domestic_shorthair,0,train
210084761,data/cat_v1/domestic_shorthair/210084761.jpg,domestic_shorthair,0,val
228794488,data/cat_v1/domestic_shorthair/228794488.jpg,domestic_shorthair,0,train
232069151,data/cat_v1/domestic_shorthair/232069151.jpg,domestic_shorthair,0,train
242111_e8cda_orig,data/cat_v1/domestic_shorthair/242111_e8cda_orig.jpg,domestic_shorthair,0,train
31f7662ca0182a2ef145e580745a1a01,data/cat_v1/domestic_shorthair/31f7662ca0182a2ef145e580745a1a01.jpg,domestic_shorthair,0,test
37087816_10216998859910320_332375493129011200_n,data/cat_v1/domestic_shorthair/37087816_10216998859910320_332375493129011200_n.jpg,domestic_shorthair,0,test
388271506,data/cat_v1/domestic_shorthair/388271506.jpg,domestic_shorthair,0,train
404469246,data/cat_v1/domestic_shorthair/404469246.jpg,domestic_shorthair,0,train
438649_28986_orig,data/cat_v1/domestic_shorthair/438649_28986_orig.jpg,domestic_shorthair,0,train
461138744,data/cat_v1/domestic_shorthair/461138744.jpg,domestic_shorthair,0,train
466748758,data/cat_v1/domestic_shorthair/466748758.jpg,domestic_shorthair,0,val
482497577,data/cat_v1/domestic_shorthair/482497577.jpg,domestic_shorthair,0,train
499844134,data/cat_v1/domestic_shorthair/499844134.jpg,domestic_shorthair,0,test
501189109,data/cat_v1/domestic_shorthair/501189109.jpg,domestic_shorthair,0,test
502158847,data/cat_v1/domestic_shorthair/502158847.jpg,domestic_shorthair,0,test
504925860,data/cat_v1/domestic_shorthair/504925860.jpg,domestic_shorthair,0,test
508396792,data/cat_v1/domestic_shorthair/508396792.jpg,domestic_shorthair,0,val
509787583,data/cat_v1/domestic_shorthair/509787583.jpg,domestic_shorthair,0,train
50f20a3651b0742f2eb623a5c011a653,data/cat_v1/domestic_shorthair/50f20a3651b0742f2eb623a5c011a653.jpg,domestic_shorthair,0,train
523771009,data/cat_v1/domestic_shorthair/523771009.jpg,domestic_shorthair,0,test
536180_dd3d3_orig,data/cat_v1/domestic_shorthair/536180_dd3d3_orig.jpg,domestic_shorthair,0,val
543426094,data/cat_v1/domestic_shorthair/543426094.jpg,domestic_shorthair,0,train
546250_9f2e0_orig,data/cat_v1/domestic_shorthair/546250_9f2e0_orig.jpg,domestic_shorthair,0,train
5bdf4ba6-184b-4559-88e3-8cabc3b9d89a_5.a15ed7d25a297e1bf4776d6d5691a422,data/cat_v1/domestic_shorthair/5bdf4ba6-184b-4559-88e3-8cabc3b9d89a_5.a15ed7d25a297e1bf4776d6d5691a422.jpeg,domestic_shorthair,0,train
5bec89c5926a1.image,data/cat_v1/domestic_shorthair/5bec89c5926a1.image.jpg,domestic_shorthair,0,train
5ca4f9dbdfb21.image,data/cat_v1/domestic_shorthair/5ca4f9dbdfb21.image.jpg,domestic_shorthair,0,train
760496255ddc34fd12e534ecae9a41cd,data/cat_v1/domestic_shorthair/760496255ddc34fd12e534ecae9a41cd.jpg,domestic_shorthair,0,train
7cf57fb9a75ee67d966455888f34ac42,data/cat_v1/domestic_shorthair/7cf57fb9a75ee67d966455888f34ac42.jpg,domestic_shorthair,0,train
7d23228181d836896c1f89edbb4d0b9b,data/cat_v1/domestic_shorthair/7d23228181d836896c1f89edbb4d0b9b.jpg,domestic_shorthair,0,train
7e06a124cfc5c08e0492fbf13482d889,data/cat_v1/domestic_shorthair/7e06a124cfc5c08e0492fbf13482d889.jpg,domestic_shorthair,0,train
86 (1),data/cat_v1/domestic_shorthair/86 (1).jpg,domestic_shorthair,0,train
86,data/cat_v1/domestic_shorthair/86.jpg,domestic_shorthair,0,val
8ccba5e8af1d6d4531cc291294e785bd,data/cat_v1/domestic_shorthair/8ccba5e8af1d6d4531cc291294e785bd.jpg,domestic_shorthair,0,train
92fdf4d2bce3e0f8163176c73bf75530,data/cat_v1/domestic_shorthair/92fdf4d2bce3e0f8163176c73bf75530.jpg,domestic_shorthair,0,train
964b1ff9b318408f68efe6723ae57c71,data/cat_v1/domestic_shorthair/964b1ff9b318408f68efe6723ae57c71.jpg,domestic_shorthair,0,train
981ae64c456d497730bd9475cb75aff7,data/cat_v1/domestic_shorthair/981ae64c456d497730bd9475cb75aff7.jpg,domestic_shorthair,0,train
983623a89687bc5524dab97c8642ef36,data/cat_v1/domestic_shorthair/983623a89687bc5524dab97c8642ef36.jpg,domestic_shorthair,0,train
AdobeStock_215272137-scaled,data/cat_v1/domestic_shorthair/AdobeStock_215272137-scaled.jpeg,domestic_shorthair,0,train
American-Shorthair-Cat-2-1250x834,data/cat_v1/domestic_shorthair/American-Shorthair-Cat-2-1250x834.jpg,domestic_shorthair,0,train
American-Shorthair-Kitten,data/cat_v1/domestic_shorthair/American-Shorthair-Kitten.jpg,domestic_shorthair,0,train
American-shorthair-cat,data/cat_v1/domestic_shorthair/American-shorthair-cat.jpeg,domestic_shorthair,0,train
Bandit,data/cat_v1/domestic_shorthair/Bandit.jpg,domestic_shorthair,0,train
BlueBritishShorthairwithGoldEyes-4734bd8247b04451b6da1994a3f62ae7,data/cat_v1/domestic_shorthair/BlueBritishShorthairwithGoldEyes-4734bd8247b04451b6da1994a3f62ae7.jpg,domestic_shorthair,0,train
British-Shorthair-cat-WW-66384233,data/cat_v1/domestic_shorthair/British-Shorthair-cat-WW-66384233.jpeg,domestic_shorthair,0,train
Cat-F00105530-gN0g9c-orig,data/cat_v1/domestic_shorthair/Cat-F00105530-gN0g9c-orig.jpg,domestic_shorthair,0,train
Cat-F00105530-hNOj8z-orig,data/cat_v1/domestic_shorthair/Cat-F00105530-hNOj8z-orig.jpg,domestic_shorthair,0,train
Cat-F00116574-TIcURh-orig,data/cat_v1/domestic_shorthair/Cat-F00116574-TIcURh-orig.jpeg,domestic_shorthair,0,train
Cat-F00116810-D1ZJSK-orig,data/cat_v1/domestic_shorthair/Cat-F00116810-D1ZJSK-orig.jpeg,domestic_shorthair,0,train
Cat-L00095555-rUFAGS-orig,data/cat_v1/domestic_shorthair/Cat-L00095555-rUFAGS-orig.jpg,domestic_shorthair,0,train
Cat-L00123734-DnvT32-orig,data/cat_v1/domestic_shorthair/Cat-L00123734-DnvT32-orig.jpeg,domestic_shorthair,0,train
Cat-L00124263-KpBwNb-orig,data/cat_v1/domestic_shorthair/Cat-L00124263-KpBwNb-orig.jpg,domestic_shorthair,0,test
Cat-L00138006-pEEYkC-orig,data/cat_v1/domestic_shorthair/Cat-L00138006-pEEYkC-orig.jpg,domestic_shorthair,0,train
DSCN0731,data/cat_v1/domestic_shorthair/DSCN0731.jpg,domestic_shorthair,0,train
DSC_0007,data/cat_v1/domestic_shorthair/DSC_0007.jpg,domestic_shorthair,0,train
Dom,data/cat_v1/domestic_shorthair/Dom.jpg,domestic_shorthair,0,test
Domestic-Shorthair-serious-cat-1030x772,data/cat_v1/domestic_shorthair/Domestic-Shorthair-serious-cat-1030x772.jpg,domestic_shorthair,0,train
DomesticShorthairNilsJacobi-20f86b00868d482492c4f87685725735,data/cat_v1/domestic_shorthair/DomesticShorthairNilsJacobi-20f86b00868d482492c4f87685725735.jpg,domestic_shorthair,0,val
Domestic_shorthaired_cat_face,data/cat_v1/domestic_shorthair/Domestic_shorthaired_cat_face.jpg,domestic_shorthair,0,train
European_shorthair_cat_portrait,data/cat_v1/domestic_shorthair/European_shorthair_cat_portrait.jpg,domestic_shorthair,0,train
Exotic-Shorthair-kittens-1,data/cat_v1/domestic_shorthair/Exotic-Shorthair-kittens-1.jpg,domestic_shorthair,0,val
Exotic-Shorthair-kittens-3,data/cat_v1/domestic_shorthair/Exotic-Shorthair-kittens-3.jpg,domestic_shorthair,0,train
IMG_0947,data/cat_v1/domestic_shorthair/IMG_0947.jpeg,domestic_shorthair,0,train
IMG_20180404_193304,data/cat_v1/domestic_shorthair/IMG_20180404_193304.jpg,domestic_shorthair,0,train
IMG_5969-1,data/cat_v1/domestic_shorthair/IMG_5969-1.jpg,domestic_shorthair,0,train
Lizzie-1,data/cat_v1/domestic_shorthair/Lizzie-1.jpg,domestic_shorthair,0,train
Orange-American-Shorthair-Kitten,data/cat_v1/domestic_shorthair/Orange-American-Shorthair-Kitten.jpg,domestic_shorthair,0,val
Oriental-Shorthair-breed-coat-cat-variety-lengths,data/cat_v1/domestic_shorthair/Oriental-Shorthair-breed-coat-cat-variety-lengths.jpg,domestic_shorthair,0,train
TuxedoCatonChair4722x4722-5797c5625f9b58461f449b90,data/cat_v1/domestic_shorthair/TuxedoCatonChair4722x4722-5797c5625f9b58461f449b90.jpg,domestic_shorthair,0,train
a-tortoiseshell-domestic-shorthair-cat-in-a-crouched-position-looking-directly-at-the-camera-RPT7JN,data/cat_v1/domestic_shorthair/a-tortoiseshell-domestic-shorthair-cat-in-a-crouched-position-looking-directly-at-the-camera-RPT7JN.jpg,domestic_shorthair,0,test
american-shorthair-cat-856159,data/cat_v1/domestic_shorthair/american-shorthair-cat-856159.jpg,domestic_shorthair,0,train
american-shorthair-cat,data/cat_v1/domestic_shorthair/american-shorthair-cat.jpg,domestic_shorthair,0,train
ancestor-Burmese-cat-Wong-Mau-Siamese,data/cat_v1/domestic_shorthair/ancestor-Burmese-cat-Wong-Mau-Siamese.jpg,domestic_shorthair,0,train
animal-cat-domestic-shorthair-grey-indoors-pet-studio-tongue-tongue-M7107H,data/cat_v1/domestic_shorthair/animal-cat-domestic-shorthair-grey-indoors-pet-studio-tongue-tongue-M7107H.jpg,domestic_shorthair,0,val
ash-e1584544879221,data/cat_v1/domestic_shorthair/ash-e1584544879221.jpg,domestic_shorthair,0,train
awruyaegsiweb0baasbs,data/cat_v1/domestic_shorthair/awruyaegsiweb0baasbs.jpg,domestic_shorthair,0,train
b590b2ed84ff824dd6276fe56b901c13,data/cat_v1/domestic_shorthair/b590b2ed84ff824dd6276fe56b901c13.jpg,domestic_shorthair,0,train
black-american-shorthair-cat,data/cat_v1/domestic_shorthair/black-american-shorthair-cat.jpg,domestic_shorthair,0,val
black-american-shorthair-kittens,data/cat_v1/domestic_shorthair/black-american-shorthair-kittens.jpg,domestic_shorthair,0,train
british-shorthair-660445,data/cat_v1/domestic_shorthair/british-shorthair-660445.jpg,domestic_shorthair,0,train
british-shorthair-673621,data/cat_v1/domestic_shorthair/british-shorthair-673621.jpg,domestic_shorthair,0,val
british-shorthair-cat-696525,data/cat_v1/domestic_shorthair/british-shorthair-cat-696525.jpg,domestic_shorthair,0,train
british-shorthair-cat_bGlqZ2eUmZqaraWkpJRrZWVlrWllZWU,data/cat_v1/domestic_shorthair/british-shorthair-cat_bGlqZ2eUmZqaraWkpJRrZWVlrWllZWU.jpg,domestic_shorthair,0,train
british-shorthair-cats-860953,data/cat_v1/domestic_shorthair/british-shorthair-cats-860953.jpg,domestic_shorthair,0,val
british_shorthair_cute_cat,data/cat_v1/domestic_shorthair/british_shorthair_cute_cat.jpg,domestic_shorthair,0,test
britkittens2,data/cat_v1/domestic_shorthair/britkittens2.jpeg,domestic_shorthair,0,train
c8706a9f05a2f298bac780a407d472ef,data/cat_v1/domestic_shorthair/c8706a9f05a2f298bac780a407d472ef.jpg,domestic_shorthair,0,test
cat-3395720_1280,data/cat_v1/domestic_shorthair/cat-3395720_1280.jpg,domestic_shorthair,0,val
cat-British-Shorthair-grey,data/cat_v1/domestic_shorthair/cat-British-Shorthair-grey.jpg,domestic_shorthair,0,val
ce851dbb5413afff9904a66a038d699d,data/cat_v1/domestic_shorthair/ce851dbb5413afff9904a66a038d699d.jpg,domestic_shorthair,0,train
df960998fbe63ab49ea80fc80242372e,data/cat_v1/domestic_shorthair/df960998fbe63ab49ea80fc80242372e.jpg,domestic_shorthair,0,test
domestic-shorthair-biting-on-pink-ribbon,data/cat_v1/domestic_shorthair/domestic-shorthair-biting-on-pink-ribbon.jpg,domestic_shorthair,0,train
domestic-shorthair-cat-2,data/cat_v1/domestic_shorthair/domestic-shorthair-cat-2.jpg,domestic_shorthair,0,train
domestic-shorthair-cat-portrait-month-old-kitten-gray-stripes-laying-down-isolated-white-background-49676348,data/cat_v1/domestic_shorthair/domestic-shorthair-cat-portrait-month-old-kitten-gray-stripes-laying-down-isolated-white-background-49676348.jpg,domestic_shorthair,0,train
domestic-shorthair-cat-portrait-month-old-kitten-gray-stripes-laying-down-isolated-white-background-51211855,data/cat_v1/domestic_shorthair/domestic-shorthair-cat-portrait-month-old-kitten-gray-stripes-laying-down-isolated-white-background-51211855.jpg,domestic_shorthair,0,train
domestic-shorthair-cat-white-fur-grey-stripes-lying-down-white-domestic-cat-shorthair-grey-stripes-138505510,data/cat_v1/domestic_shorthair/domestic-shorthair-cat-white-fur-grey-stripes-lying-down-white-domestic-cat-shorthair-grey-stripes-138505510.jpg,domestic_shorthair,0,train
domestic-shorthair-cat,data/cat_v1/domestic_shorthair/domestic-shorthair-cat.jpg,domestic_shorthair,0,train
domestic-shorthair1,data/cat_v1/domestic_shorthair/domestic-shorthair1.jpg,domestic_shorthair,0,train
domestic-shorthaired-cat-467860,data/cat_v1/domestic_shorthair/domestic-shorthaired-cat-467860.jpg,domestic_shorthair,0,test
domestic-shorthaired-cat-cat-867105,data/cat_v1/domestic_shorthair/domestic-shorthaired-cat-cat-867105.jpg,domestic_shorthair,0,train
domestic-shorthaired-cat-cats-867107,data/cat_v1/domestic_shorthair/domestic-shorthaired-cat-cats-867107.jpg,domestic_shorthair,0,train
dublin-large,data/cat_v1/domestic_shorthair/dublin-large.jpg,domestic_shorthair,0,test
e0j78bcoh6ri0fd7j36x,data/cat_v1/domestic_shorthair/e0j78bcoh6ri0fd7j36x.jpg,domestic_shorthair,0,test
e4ahfqd0aofc7qd1ajh5,data/cat_v1/domestic_shorthair/e4ahfqd0aofc7qd1ajh5.jpg,domestic_shorthair,0,test
e8901c74e0ffaebaac19d375c30c39b8-1140x855,data/cat_v1/domestic_shorthair/e8901c74e0ffaebaac19d375c30c39b8-1140x855.jpg,domestic_shorthair,0,train
e912a1fa4b2543cf33f0b2e106f638be,data/cat_v1/domestic_shorthair/e912a1fa4b2543cf33f0b2e106f638be.jpg,domestic_shorthair,0,train
ef95661f97c6a6ff37a10528e0c53f28,data/cat_v1/domestic_shorthair/ef95661f97c6a6ff37a10528e0c53f28.jpg,domestic_shorthair,0,val
european-shorthair-cat-breed-pictures-8,data/cat_v1/domestic_shorthair/european-shorthair-cat-breed-pictures-8.jpg,domestic_shorthair,0,train
european-shorthair-striped-cat-with-yellow-eyes,data/cat_v1/domestic_shorthair/european-shorthair-striped-cat-with-yellow-eyes.jpg,domestic_shorthair,0,train
exotic-cat-1,data/cat_v1/domestic_shorthair/exotic-cat-1.jpg,domestic_shorthair,0,train
exotic-shorthair-647516,data/cat_v1/domestic_shorthair/exotic-shorthair-647516.jpeg,domestic_shorthair,0,val
exotic-shorthair-781953,data/cat_v1/domestic_shorthair/exotic-shorthair-781953.jpg,domestic_shorthair,0,train
f45059c5d126facac0969c843f39d572,data/cat_v1/domestic_shorthair/f45059c5d126facac0969c843f39d572.jpg,domestic_shorthair,0,train
f4kwkfitruxcw9cqjlu7,data/cat_v1/domestic_shorthair/f4kwkfitruxcw9cqjlu7.jpg,domestic_shorthair,0,train
f5b320919cb854f1c5447ed352832e2d,data/cat_v1/domestic_shorthair/f5b320919cb854f1c5447ed352832e2d.jpg,domestic_shorthair,0,train
fc08022a94ba429162dbae9ac7652936,data/cat_v1/domestic_shorthair/fc08022a94ba429162dbae9ac7652936.jpg,domestic_shorthair,0,train
foto_2Bdan_2Bgambar_2B_2BMengenal_2Bkarakter_2Bkucing_2Bras_2BAmerican_2BShorthair,data/cat_v1/domestic_shorthair/foto_2Bdan_2Bgambar_2B_2BMengenal_2Bkarakter_2Bkucing_2Bras_2BAmerican_2BShorthair.jpg,domestic_shorthair,0,val
gook5j9guzuuqu26ddve,data/cat_v1/domestic_shorthair/gook5j9guzuuqu26ddve.jpg,domestic_shorthair,0,train
holly-cat,data/cat_v1/domestic_shorthair/holly-cat.jpeg,domestic_shorthair,0,train
hollycat,data/cat_v1/domestic_shorthair/hollycat.jpg,domestic_shorthair,0,train
image2-e1453849817704,data/cat_v1/domestic_shorthair/image2-e1453849817704.jpeg,domestic_shorthair,0,train
kitty,data/cat_v1/domestic_shorthair/kitty.jpg,domestic_shorthair,0,train
kqzbmulwse3w436pzmgv,data/cat_v1/domestic_shorthair/kqzbmulwse3w436pzmgv.jpg,domestic_shorthair,0,test
ktcmxqez0cfy2ihnycs3,data/cat_v1/domestic_shorthair/ktcmxqez0cfy2ihnycs3.jpg,domestic_shorthair,0,val
lxqult6bi3d6va6padti,data/cat_v1/domestic_shorthair/lxqult6bi3d6va6padti.jpg,domestic_shorthair,0,val
meg,data/cat_v1/domestic_shorthair/meg.jpg,domestic_shorthair,0,val
monty-cat2,data/cat_v1/domestic_shorthair/monty-cat2.jpg,domestic_shorthair,0,val
oe91gie7tc1i0dvgkbkq,data/cat_v1/domestic_shorthair/oe91gie7tc1i0dvgkbkq.jpg,domestic_shorthair,0,train
orange-american-shorthair-kittens,data/cat_v1/domestic_shorthair/orange-american-shorthair-kittens.jpg,domestic_shorthair,0,train
orange-tabby-domestic-shorthair-cat-orange-tabby-domestic-shorthair-cat-yellow-eyes-relaxing-blanket-185810590,data/cat_v1/domestic_shorthair/orange-tabby-domestic-shorthair-cat-orange-tabby-domestic-shorthair-cat-yellow-eyes-relaxing-blanket-185810590.jpg,domestic_shorthair,0,train
orange-tabby-domestic-shorthair-cat-sitting-crouched-position-looking-camera-185357665,data/cat_v1/domestic_shorthair/orange-tabby-domestic-shorthair-cat-sitting-crouched-position-looking-camera-185357665.jpg,domestic_shorthair,0,train
photo-chat-british-shorthair-6,data/cat_v1/domestic_shorthair/photo-chat-british-shorthair-6.jpg,domestic_shorthair,0,val
photo-chat-exotic-shorthair-57,data/cat_v1/domestic_shorthair/photo-chat-exotic-shorthair-57.jpg,domestic_shorthair,0,train
ps07np7te54ubmiau5y2,data/cat_v1/domestic_shorthair/ps07np7te54ubmiau5y2.jpg,domestic_shorthair,0,train
pyr675owieobbtw1ytbw,data/cat_v1/domestic_shorthair/pyr675owieobbtw1ytbw.jpg,domestic_shorthair,0,val
qfzck00hlbslqogdurzq,data/cat_v1/domestic_shorthair/qfzck00hlbslqogdurzq.jpg,domestic_shorthair,0,train
stbr4ly03lh21,data/cat_v1/domestic_shorthair/stbr4ly03lh21.jpg,domestic_shorthair,0,train
tabby-kittens-on-bed,data/cat_v1/domestic_shorthair/tabby-kittens-on-bed.jpg,domestic_shorthair,0,train
tc-vienna-2015-brown-tabby-american-shorthair-kitten2,data/cat_v1/domestic_shorthair/tc-vienna-2015-brown-tabby-american-shorthair-kitten2.jpg,domestic_shorthair,0,test
th27x4eth09fh85rrdh5,data/cat_v1/domestic_shorthair/th27x4eth09fh85rrdh5.jpg,domestic_shorthair,0,train
thumb-1920-677484,data/cat_v1/domestic_shorthair/thumb-1920-677484.jpg,domestic_shorthair,0,train
tohpxeyddnfk0pmput42,data/cat_v1/domestic_shorthair/tohpxeyddnfk0pmput42.jpg,domestic_shorthair,0,train
twenty20_e47b3798-dd9b-40b1-91ef-1d820337966e-5aa3f798642dca00363b0df1,data/cat_v1/domestic_shorthair/twenty20_e47b3798-dd9b-40b1-91ef-1d820337966e-5aa3f798642dca00363b0df1.jpg,domestic_shorthair,0,train
very-close-shot-of-an-american-shorthair-cat-1196688,data/cat_v1/domestic_shorthair/very-close-shot-of-an-american-shorthair-cat-1196688.jpg,domestic_shorthair,0,train
white-cat3,data/cat_v1/domestic_shorthair/white-cat3.jpg,domestic_shorthair,0,train
y8gygmfeyratb4tpt9dn,data/cat_v1/domestic_shorthair/y8gygmfeyratb4tpt9dn.jpg,domestic_shorthair,0,train
04451e0620bad89784005f3443dd7fed,data/cat_v1/maine_coon/04451e0620bad89784005f3443dd7fed.jpg,maine_coon,0,train
06a71c9902b7dcbb9f741d0599baf907,data/cat_v1/maine_coon/06a71c9902b7dcbb9f741d0599baf907.jpg,maine_coon,0,train
098d3da3d30a35356744d87c57af4280,data/cat_v1/maine_coon/098d3da3d30a35356744d87c57af4280.jpg,maine_coon,0,train
11-25,data/cat_v1/maine_coon/11-25.jpg,maine_coon,0,train
1280-491043662-tabby-maine-coon-cat,data/cat_v1/maine_coon/1280-491043662-tabby-maine-coon-cat.jpg,maine_coon,0,train
14052241_f120,data/cat_v1/maine_coon/14052241_f120.jpg,maine_coon,0,val
14134300_f1024,data/cat_v1/maine_coon/14134300_f1024.jpg,maine_coon,0,train
154d0dfcc8a953dc2adea273e02c0cb2,data/cat_v1/maine_coon/154d0dfcc8a953dc2adea273e02c0cb2.jpg,maine_coon,0,train
1692_191118161233Q7_104,data/cat_v1/maine_coon/1692_191118161233Q7_104.jpg,maine_coon,0,test
17826-Maine-Coon-cat-white-background,data/cat_v1/maine_coon/17826-Maine-Coon-cat-white-background.jpg,maine_coon,0,train
20180512_031837-e1530464710292,data/cat_v1/maine_coon/20180512_031837-e1530464710292.jpg,maine_coon,0,train
21667-Maine-Coon-kitten-white-background,data/cat_v1/maine_coon/21667-Maine-Coon-kitten-white-background.jpg,maine_coon,0,train
21911f4f1af72470cdf93bcfe4ca4591,data/cat_v1/maine_coon/21911f4f1af72470cdf93bcfe4ca4591.jpg,maine_coon,0,train
250a50bcbb61c258523571a78c63b787,data/cat_v1/maine_coon/250a50bcbb61c258523571a78c63b787.jpg,maine_coon,0,train
2790ae2c5f7e4ff5e12346fe0eb2b4ab,data/cat_v1/maine_coon/2790ae2c5f7e4ff5e12346fe0eb2b4ab.jpg,maine_coon,0,val
28385-Maine-Coon-kitten-white-background,data/cat_v1/maine_coon/28385-Maine-Coon-kitten-white-background.jpg,maine_coon,0,train
29769a4f1c7ddf57d81b5d4bfbd084b4,data/cat_v1/maine_coon/29769a4f1c7ddf57d81b5d4bfbd084b4.jpg,maine_coon,0,train
2sv63h8w3pt21,data/cat_v1/maine_coon/2sv63h8w3pt21.jpg,maine_coon,0,train
30859230298_aea362e94d_b,data/cat_v1/maine_coon/30859230298_aea362e94d_b.jpg,maine_coon,0,val
3506c008f54e869aa77e405e089550b5,data/cat_v1/maine_coon/3506c008f54e869aa77e405e089550b5.jpg,maine_coon,0,train
36f7f53a0f1b70a126167f31f7a114ca,data/cat_v1/maine_coon/36f7f53a0f1b70a126167f31f7a114ca.jpg,maine_coon,0,train
39728-Tabby-Maine-Coon-cat-white-background,data/cat_v1/maine_coon/39728-Tabby-Maine-Coon-cat-white-background.jpg,maine_coon,0,train
39730-Tabby-Maine-Coon-cat-white-background,data/cat_v1/maine_coon/39730-Tabby-Maine-Coon-cat-white-background.jpg,maine_coon,0,train
3a8208778a3718a73723b93768cfd8da,data/cat_v1/maine_coon/3a8208778a3718a73723b93768cfd8da.jpg,maine_coon,0,train
3adb3fe3adb0ab2e044e6e3ba2469a54,data/cat_v1/maine_coon/3adb3fe3adb0ab2e044e6e3ba2469a54.jpg,maine_coon,0,val
422600045dc93960e3ef2feb104f56b0,data/cat_v1/maine_coon/422600045dc93960e3ef2feb104f56b0.jpg,maine_coon,0,train
42e8f81f485608e6899316ccac139a20,data/cat_v1/maine_coon/42e8f81f485608e6899316ccac139a20.jpg,maine_coon,0,train
45aaec1146c25dac8c832190e6057401,data/cat_v1/maine_coon/45aaec1146c25dac8c832190e6057401.jpg,maine_coon,0,test
4912015294ef862a23196b23de8a17d6,data/cat_v1/maine_coon/4912015294ef862a23196b23de8a17d6.jpg,maine_coon,0,train
4c67d602534c656db0997a7bdc72c276,data/cat_v1/maine_coon/4c67d602534c656db0997a7bdc72c276.jpg,maine_coon,0,train
4d7499c04dcc3706dbbc4d95be2fed9e,data/cat_v1/maine_coon/4d7499c04dcc3706dbbc4d95be2fed9e.jpg,maine_coon,0,val
4fc046f9b86645a27c1de1207f1dc2e5,data/cat_v1/maine_coon/4fc046f9b86645a27c1de1207f1dc2e5.jpg,maine_coon,0,val
502154,data/cat_v1/maine_coon/502154.jpg,maine_coon,0,test
51016dfcc8b60bb708b34ba27b92a051,data/cat_v1/maine_coon/51016dfcc8b60bb708b34ba27b92a051.jpg,maine_coon,0,val
5EEC667B-3B20-46B2-A162-ABDEEC075F69,data/cat_v1/maine_coon/5EEC667B-3B20-46B2-A162-ABDEEC075F69.jpeg,maine_coon,0,train
5a40909340d5251a5d24df5fca8ff16d,data/cat_v1/maine_coon/5a40909340d5251a5d24df5fca8ff16d.jpg,maine_coon,0,train
5d06a126825383a5725a7251f747cdfd,data/cat_v1/maine_coon/5d06a126825383a5725a7251f747cdfd.jpg,maine_coon,0,train
5d816695a728c4d4b49306719951c29f,data/cat_v1/maine_coon/5d816695a728c4d4b49306719951c29f.jpg,maine_coon,0,val
5ea0417ae1b850f3450b0a1420c6a214,data/cat_v1/maine_coon/5ea0417ae1b850f3450b0a1420c6a214.jpg,maine_coon,0,train
69a5c257eede39e548ccbb4b23006387,data/cat_v1/maine_coon/69a5c257eede39e548ccbb4b23006387.jpg,maine_coon,0,test
6a791bc868d7942b58d2feea5c3c8894,data/cat_v1/maine_coon/6a791bc868d7942b58d2feea5c3c8894.jpg,maine_coon,0,train
6b33dcc2c854f54de0ae6f6f8ff72eaf,data/cat_v1/maine_coon/6b33dcc2c854f54de0ae6f6f8ff72eaf.jpg,maine_coon,0,train
6e4833371387866c23c15259c60f10f0,data/cat_v1/maine_coon/6e4833371387866c23c15259c60f10f0.jpg,maine_coon,0,test
7728082365d689027aa2c52.10203604-breed-344,data/cat_v1/maine_coon/7728082365d689027aa2c52.10203604-breed-344.jpg,maine_coon,0,train
813c64fa4a26a08852379a5261956886,data/cat_v1/maine_coon/813c64fa4a26a08852379a5261956886.jpg,maine_coon,0,train
84a0996fb6460e2249187fba9f125fee,data/cat_v1/maine_coon/84a0996fb6460e2249187fba9f125fee.jpg,maine_coon,0,val
84c440da9f7f78bdb8bc94b6ca6c332c,data/cat_v1/maine_coon/84c440da9f7f78bdb8bc94b6ca6c332c.jpg,maine_coon,0,train
85011c8f18fd41087cab8f7fbf84419b,data/cat_v1/maine_coon/85011c8f18fd41087cab8f7fbf84419b.jpg,maine_coon,0,train
854d769e2b670e1f95d06ee690d411bb,data/cat_v1/maine_coon/854d769e2b670e1f95d06ee690d411bb.jpg,maine_coon,0,val
86081509920295427df8ccbf657a6893,data/cat_v1/maine_coon/86081509920295427df8ccbf657a6893.jpg,maine_coon,0,train
891ad95953471c8b8f5785e07c96915a,data/cat_v1/maine_coon/891ad95953471c8b8f5785e07c96915a.jpg,maine_coon,0,train
8b1497d0f060d3c663a2ab44c61619be_maine_2Bcoon_2Bcat,data/cat_v1/maine_coon/8b1497d0f060d3c663a2ab44c61619be_maine_2Bcoon_2Bcat.jpg,maine_coon,0,train
9129bda54810ce035778f497601e90e6,data/cat_v1/maine_coon/9129bda54810ce035778f497601e90e6.jpg,maine_coon,0,train
92a25e17b2008cec515fd8de99dc9439,data/cat_v1/maine_coon/92a25e17b2008cec515fd8de99dc9439.jpg,maine_coon,0,train
9967d7ed64956796a94cc52897bc5287,data/cat_v1/maine_coon/9967d7ed64956796a94cc52897bc5287.jpg,maine_coon,0,val
9a30b38f412defe3601a378e275ca72e,data/cat_v1/maine_coon/9a30b38f412defe3601a378e275ca72e.jpg,maine_coon,0,train
9c0718fd33aea5c0c38ab4189e9a63d3,data/cat_v1/maine_coon/9c0718fd33aea5c0c38ab4189e9a63d3.jpg,maine_coon,0,train
9c4104450b369a4195327c7d39eb8ea3,data/cat_v1/maine_coon/9c4104450b369a4195327c7d39eb8ea3.jpg,maine_coon,0,train
9d913cb8c3f35aec2d28a16f14125c6b,data/cat_v1/maine_coon/9d913cb8c3f35aec2d28a16f14125c6b.jpg,maine_coon,0,train
AdobeStock_311546738-scaled,data/cat_v1/maine_coon/AdobeStock_311546738-scaled.jpeg,maine_coon,0,train
Bella-Maine-Coon-Cat-For-Adoption-Calgary-AB-8,data/cat_v1/maine_coon/Bella-Maine-Coon-Cat-For-Adoption-Calgary-AB-8.jpg,maine_coon,0,val
Best-Cat-Food-Maine-Coon-Cats,data/cat_v1/maine_coon/Best-Cat-Food-Maine-Coon-Cats.jpg,maine_coon,0,train
Black-Maine-Coon-Cat-Face,data/cat_v1/maine_coon/Black-Maine-Coon-Cat-Face.jpg,maine_coon,0,train
IMG_3834-scaled,data/cat_v1/maine_coon/IMG_3834-scaled.jpg,maine_coon,0,train
Main-Coon-2-scaled,data/cat_v1/maine_coon/Main-Coon-2-scaled.jpg,maine_coon,0,train
Maine+Coon+Cat+Wallpapers+2,data/cat_v1/maine_coon/Maine+Coon+Cat+Wallpapers+2.jpg,maine_coon,0,train
Maine+Coon+kittens+1,data/cat_v1/maine_coon/Maine+Coon+kittens+1.jpg,maine_coon,0,train
Maine-Coon-Cats,data/cat_v1/maine_coon/Maine-Coon-Cats.jpg,maine_coon,0,train
Maine-Coon-Kittens-Price,data/cat_v1/maine_coon/Maine-Coon-Kittens-Price.jpg,maine_coon,0,val
Maine-coon-cat-2-1600x900,data/cat_v1/maine_coon/Maine-coon-cat-2-1600x900.jpg,maine_coon,0,train
Maine-coon-gatto-gigante,data/cat_v1/maine_coon/Maine-coon-gatto-gigante.jpg,maine_coon,0,train
Maine_Coon_1,data/cat_v1/maine_coon/Maine_Coon_1.jpg,maine_coon,0,test
Maine_Coon_10,data/cat_v1/maine_coon/Maine_Coon_10.jpg,maine_coon,0,train
Maine_Coon_100,data/cat_v1/maine_coon/Maine_Coon_100.jpg,maine_coon,0,train
Maine_Coon_101,data/cat_v1/maine_coon/Maine_Coon_101.jpg,maine_coon,0,val
Maine_Coon_102,data/cat_v1/maine_coon/Maine_Coon_102.jpg,maine_coon,0,train
Maine_Coon_103,data/cat_v1/maine_coon/Maine_Coon_103.jpg,maine_coon,0,val
Maine_Coon_104,data/cat_v1/maine_coon/Maine_Coon_104.jpg,maine_coon,0,train
Maine_Coon_105,data/cat_v1/maine_coon/Maine_Coon_105.jpg,maine_coon,0,train
Maine_Coon_106,data/cat_v1/maine_coon/Maine_Coon_106.jpg,maine_coon,0,train
Maine_Coon_107,data/cat_v1/maine_coon/Maine_Coon_107.jpg,maine_coon,0,test
Maine_Coon_108,data/cat_v1/maine_coon/Maine_Coon_108.jpg,maine_coon,0,train
Maine_Coon_109,data/cat_v1/maine_coon/Maine_Coon_109.jpg,maine_coon,0,train
Maine_Coon_110,data/cat_v1/maine_coon/Maine_Coon_110.jpg,maine_coon,0,train
Maine_Coon_111,data/cat_v1/maine_coon/Maine_Coon_111.jpg,maine_coon,0,train
Maine_Coon_112,data/cat_v1/maine_coon/Maine_Coon_112.jpg,maine_coon,0,train
Maine_Coon_115,data/cat_v1/maine_coon/Maine_Coon_115.jpg,maine_coon,0,train
Maine_Coon_116,data/cat_v1/maine_coon/Maine_Coon_116.jpg,maine_coon,0,test
Maine_Coon_117,data/cat_v1/maine_coon/Maine_Coon_117.jpg,maine_coon,0,train
Maine_Coon_119,data/cat_v1/maine_coon/Maine_Coon_119.jpg,maine_coon,0,train
Maine_Coon_121,data/cat_v1/maine_coon/Maine_Coon_121.jpg,maine_coon,0,train
Maine_Coon_123,data/cat_v1/maine_coon/Maine_Coon_123.jpg,maine_coon,0,val
Maine_Coon_124,data/cat_v1/maine_coon/Maine_Coon_124.jpg,maine_coon,0,train
Maine_Coon_126,data/cat_v1/maine_coon/Maine_Coon_126.jpg,maine_coon,0,val
Maine_Coon_127,data/cat_v1/maine_coon/Maine_Coon_127.jpg,maine_coon,0,train
Maine_Coon_128,data/cat_v1/maine_coon/Maine_Coon_128.jpg,maine_coon,0,val
Maine_Coon_129,data/cat_v1/maine_coon/Maine_Coon_129.jpg,maine_coon,0,train
Maine_Coon_13,data/cat_v1/maine_coon/Maine_Coon_13.jpg,maine_coon,0,train
Maine_Coon_131,data/cat_v1/maine_coon/Maine_Coon_131.jpg,maine_coon,0,train
Maine_Coon_132,data/cat_v1/maine_coon/Maine_Coon_132.jpg,maine_coon,0,train
Maine_Coon_133,data/cat_v1/maine_coon/Maine_Coon_133.jpg,maine_coon,0,test
Maine_Coon_134,data/cat_v1/maine_coon/Maine_Coon_134.jpg,maine_coon,0,test
Maine_Coon_135,data/cat_v1/maine_coon/Maine_Coon_135.jpg,maine_coon,0,train
Maine_Coon_136,data/cat_v1/maine_coon/Maine_Coon_136.jpg,maine_coon,0,test
Maine_Coon_137,data/cat_v1/maine_coon/Maine_Coon_137.jpg,maine_coon,0,train
Maine_Coon_138,data/cat_v1/maine_coon/Maine_Coon_138.jpg,maine_coon,0,test
Maine_Coon_139,data/cat_v1/maine_coon/Maine_Coon_139.jpg,maine_coon,0,train
Maine_Coon_14,data/cat_v1/maine_coon/Maine_Coon_14.jpg,maine_coon,0,val
Maine_Coon_140,data/cat_v1/maine_coon/Maine_Coon_140.jpg,maine_coon,0,val
Maine_Coon_141,data/cat_v1/maine_coon/Maine_Coon_141.jpg,maine_coon,0,test
Maine_Coon_142,data/cat_v1/maine_coon/Maine_Coon_142.jpg,maine_coon,0,val
Maine_Coon_143,data/cat_v1/maine_coon/Maine_Coon_143.jpg,maine_coon,0,train
Maine_Coon_144,data/cat_v1/maine_coon/Maine_Coon_144.jpg,maine_coon,0,train
Maine_Coon_145,data/cat_v1/maine_coon/Maine_Coon_145.jpg,maine_coon,0,test
Maine_Coon_146,data/cat_v1/maine_coon/Maine_Coon_146.jpg,maine_coon,0,test
Maine_Coon_147,data/cat_v1/maine_coon/Maine_Coon_147.jpg,maine_coon,0,test
Maine_Coon_148,data/cat_v1/maine_coon/Maine_Coon_148.jpg,maine_coon,0,val
Maine_Coon_149,data/cat_v1/maine_coon/Maine_Coon_149.jpg,maine_coon,0,train
Maine_Coon_150,data/cat_v1/maine_coon/Maine_Coon_150.jpg,maine_coon,0,train
Maine_Coon_151,data/cat_v1/maine_coon/Maine_Coon_151.jpg,maine_coon,0,train
Maine_Coon_152,data/cat_v1/maine_coon/Maine_Coon_152.jpg,maine_coon,0,train
Maine_Coon_153,data/cat_v1/maine_coon/Maine_Coon_153.jpg,maine_coon,0,val
Maine_Coon_154,data/cat_v1/maine_coon/Maine_Coon_154.jpg,maine_coon,0,train
Maine_Coon_155,data/cat_v1/maine_coon/Maine_Coon_155.jpg,maine_coon,0,val
Maine_Coon_157,data/cat_v1/maine_coon/Maine_Coon_157.jpg,maine_coon,0,test
Maine_Coon_158,data/cat_v1/maine_coon/Maine_Coon_158.jpg,maine_coon,0,train
Maine_Coon_159,data/cat_v1/maine_coon/Maine_Coon_159.jpg,maine_coon,0,val
Maine_Coon_16,data/cat_v1/maine_coon/Maine_Coon_16.jpg,maine_coon,0,test
Maine_Coon_160,data/cat_v1/maine_coon/Maine_Coon_160.jpg,maine_coon,0,train
Maine_Coon_161,data/cat_v1/maine_coon/Maine_Coon_161.jpg,maine_coon,0,train
Maine_Coon_162,data/cat_v1/maine_coon/Maine_Coon_162.jpg,maine_coon,0,train
Maine_Coon_163,data/cat_v1/maine_coon/Maine_Coon_163.jpg,maine_coon,0,test
Maine_Coon_164,data/cat_v1/maine_coon/Maine_Coon_164.jpg,maine_coon,0,test
Maine_Coon_167,data/cat_v1/maine_coon/Maine_Coon_167.jpg,maine_coon,0,train
Maine_Coon_168,data/cat_v1/maine_coon/Maine_Coon_168.jpg,maine_coon,0,train
Maine_Coon_169,data/cat_v1/maine_coon/Maine_Coon_169.jpg,maine_coon,0,train
Maine_Coon_17,data/cat_v1/maine_coon/Maine_Coon_17.jpg,maine_coon,0,train
Maine_Coon_170,data/cat_v1/maine_coon/Maine_Coon_170.jpg,maine_coon,0,val
Maine_Coon_171,data/cat_v1/maine_coon/Maine_Coon_171.jpg,maine_coon,0,train
Maine_Coon_173,data/cat_v1/maine_coon/Maine_Coon_173.jpg,maine_coon,0,train
Maine_Coon_174,data/cat_v1/maine_coon/Maine_Coon_174.jpg,maine_coon,0,train
Maine_Coon_175,data/cat_v1/maine_coon/Maine_Coon_175.jpg,maine_coon,0,train
Maine_Coon_176,data/cat_v1/maine_coon/Maine_Coon_176.jpg,maine_coon,0,train
Maine_Coon_18,data/cat_v1/maine_coon/Maine_Coon_18.jpg,maine_coon,0,train
Maine_Coon_180,data/cat_v1/maine_coon/Maine_Coon_180.jpg,maine_coon,0,train
Maine_Coon_182,data/cat_v1/maine_coon/Maine_Coon_182.jpg,maine_coon,0,train
Maine_Coon_184,data/cat_v1/maine_coon/Maine_Coon_184.jpg,maine_coon,0,train
Maine_Coon_186,data/cat_v1/maine_coon/Maine_Coon_186.jpg,maine_coon,0,train
Maine_Coon_187,data/cat_v1/maine_coon/Maine_Coon_187.jpg,maine_coon,0,train
Maine_Coon_189,data/cat_v1/maine_coon/Maine_Coon_189.jpg,maine_coon,0,val
Maine_Coon_19,data/cat_v1/maine_coon/Maine_Coon_19.jpg,maine_coon,0,train
Maine_Coon_191,data/cat_v1/maine_coon/Maine_Coon_191.jpg,maine_coon,0,val
Maine_Coon_192,data/cat_v1/maine_coon/Maine_Coon_192.jpg,maine_coon,0,test
Maine_Coon_193,data/cat_v1/maine_coon/Maine_Coon_193.jpg,maine_coon,0,val
Maine_Coon_194,data/cat_v1/maine_coon/Maine_Coon_194.jpg,maine_coon,0,test
Maine_Coon_195,data/cat_v1/maine_coon/Maine_Coon_195.jpg,maine_coon,0,test
Maine_Coon_196,data/cat_v1/maine_coon/Maine_Coon_196.jpg,maine_coon,0,train
Maine_Coon_197,data/cat_v1/maine_coon/Maine_Coon_197.jpg,maine_coon,0,train
Maine_Coon_2,data/cat_v1/maine_coon/Maine_Coon_2.jpg,maine_coon,0,train
Maine_Coon_201,data/cat_v1/maine_coon/Maine_Coon_201.jpg,maine_coon,0,test
Maine_Coon_203,data/cat_v1/maine_coon/Maine_Coon_203.jpg,maine_coon,0,train
Maine_Coon_204,data/cat_v1/maine_coon/Maine_Coon_204.jpg,maine_coon,0,train
Maine_Coon_205,data/cat_v1/maine_coon/Maine_Coon_205.jpg,maine_coon,0,train
Maine_Coon_206,data/cat_v1/maine_coon/Maine_Coon_206.jpg,maine_coon,0,train
Maine_Coon_207,data/cat_v1/maine_coon/Maine_Coon_207.jpg,maine_coon,0,train
Maine_Coon_208,data/cat_v1/maine_coon/Maine_Coon_208.jpg,maine_coon,0,test
Maine_Coon_21,data/cat_v1/maine_coon/Maine_Coon_21.jpg,maine_coon,0,test
Maine_Coon_210,data/cat_v1/maine_coon/Maine_Coon_210.jpg,maine_coon,0,val
Maine_Coon_211,data/cat_v1/maine_coon/Maine_Coon_211.jpg,maine_coon,0,train
Maine_Coon_213,data/cat_v1/maine_coon/Maine_Coon_213.jpg,maine_coon,0,train
Maine_Coon_214,data/cat_v1/maine_coon/Maine_Coon_214.jpg,maine_coon,0,val
Maine_Coon_217,data/cat_v1/maine_coon/Maine_Coon_217.jpg,maine_coon,0,val
Maine_Coon_219,data/cat_v1/maine_coon/Maine_Coon_219.jpg,maine_coon,0,train
Maine_Coon_222,data/cat_v1/maine_coon/Maine_Coon_222.jpg,maine_coon,0,train
Maine_Coon_227,data/cat_v1/maine_coon/Maine_Coon_227.jpg,maine_coon,0,train
Maine_Coon_23,data/cat_v1/maine_coon/Maine_Coon_23.jpg,maine_coon,0,train
Maine_Coon_231,data/cat_v1/maine_coon/Maine_Coon_231.jpg,maine_coon,0,train
Maine_Coon_238,data/cat_v1/maine_coon/Maine_Coon_238.jpg,maine_coon,0,test
Maine_Coon_239,data/cat_v1/maine_coon/Maine_Coon_239.jpg,maine_coon,0,train
Maine_Coon_24,data/cat_v1/maine_coon/Maine_Coon_24.jpg,maine_coon,0,train
Maine_Coon_241,data/cat_v1/maine_coon/Maine_Coon_241.jpg,maine_coon,0,train
Maine_Coon_242,data/cat_v1/maine_coon/Maine_Coon_242.jpg,maine_coon,0,train
Maine_Coon_244,data/cat_v1/maine_coon/Maine_Coon_244.jpg,maine_coon,0,train
Maine_Coon_245,data/cat_v1/maine_coon/Maine_Coon_245.jpg,maine_coon,0,train
Maine_Coon_246,data/cat_v1/maine_coon/Maine_Coon_246.jpg,maine_coon,0,train
Maine_Coon_247,data/cat_v1/maine_coon/Maine_Coon_247.jpg,maine_coon,0,train
Maine_Coon_249,data/cat_v1/maine_coon/Maine_Coon_249.jpg,maine_coon,0,train
Maine_Coon_25,data/cat_v1/maine_coon/Maine_Coon_25.jpg,maine_coon,0,test
Maine_Coon_253,data/cat_v1/maine_coon/Maine_Coon_253.jpg,maine_coon,0,train
Maine_Coon_254,data/cat_v1/maine_coon/Maine_Coon_254.jpg,maine_coon,0,train
Maine_Coon_26,data/cat_v1/maine_coon/Maine_Coon_26.jpg,maine_coon,0,train
Maine_Coon_262,data/cat_v1/maine_coon/Maine_Coon_262.jpg,maine_coon,0,train
Maine_Coon_263,data/cat_v1/maine_coon/Maine_Coon_263.jpg,maine_coon,0,train
Maine_Coon_264,data/cat_v1/maine_coon/Maine_Coon_264.jpg,maine_coon,0,val
Maine_Coon_265,data/cat_v1/maine_coon/Maine_Coon_265.jpg,maine_coon,0,test
Maine_Coon_266,data/cat_v1/maine_coon/Maine_Coon_266.jpg,maine_coon,0,train
Maine_Coon_267,data/cat_v1/maine_coon/Maine_Coon_267.jpg,maine_coon,0,train
Maine_Coon_268,data/cat_v1/maine_coon/Maine_Coon_268.jpg,maine_coon,0,test
Maine_Coon_269,data/cat_v1/maine_coon/Maine_Coon_269.jpg,maine_coon,0,train
Maine_Coon_27,data/cat_v1/maine_coon/Maine_Coon_27.jpg,maine_coon,0,train
Maine_Coon_270,data/cat_v1/maine_coon/Maine_Coon_270.jpg,maine_coon,0,train
Maine_Coon_271,data/cat_v1/maine_coon/Maine_Coon_271.jpg,maine_coon,0,train
Maine_Coon_272,data/cat_v1/maine_coon/Maine_Coon_272.jpg,maine_coon,0,train
Maine_Coon_28,data/cat_v1/maine_coon/Maine_Coon_28.jpg,maine_coon,0,train
Maine_Coon_29,data/cat_v1/maine_coon/Maine_Coon_29.jpg,maine_coon,0,train
Maine_Coon_3,data/cat_v1/maine_coon/Maine_Coon_3.jpg,maine_coon,0,train
Maine_Coon_30,data/cat_v1/maine_coon/Maine_Coon_30.jpg,maine_coon,0,train
Maine_Coon_31,data/cat_v1/maine_coon/Maine_Coon_31.jpg,maine_coon,0,train
Maine_Coon_32,data/cat_v1/maine_coon/Maine_Coon_32.jpg,maine_coon,0,test
Maine_Coon_33,data/cat_v1/maine_coon/Maine_Coon_33.jpg,maine_coon,0,train
Maine_Coon_34,data/cat_v1/maine_coon/Maine_Coon_34.jpg,maine_coon,0,test
Maine_Coon_35,data/cat_v1/maine_coon/Maine_Coon_35.jpg,maine_coon,0,train
Maine_Coon_36,data/cat_v1/maine_coon/Maine_Coon_36.jpg,maine_coon,0,train
Maine_Coon_37,data/cat_v1/maine_coon/Maine_Coon_37.jpg,maine_coon,0,train
Maine_Coon_38,data/cat_v1/maine_coon/Maine_Coon_38.jpg,maine_coon,0,train
Maine_Coon_39,data/cat_v1/maine_coon/Maine_Coon_39.jpg,maine_coon,0,val
Maine_Coon_41,data/cat_v1/maine_coon/Maine_Coon_41.jpg,maine_coon,0,val
Maine_Coon_42,data/cat_v1/maine_coon/Maine_Coon_42.jpg,maine_coon,0,test
Maine_Coon_43,data/cat_v1/maine_coon/Maine_Coon_43.jpg,maine_coon,0,val
Maine_Coon_44,data/cat_v1/maine_coon/Maine_Coon_44.jpg,maine_coon,0,val
Maine_Coon_46,data/cat_v1/maine_coon/Maine_Coon_46.jpg,maine_coon,0,train
Maine_Coon_47,data/cat_v1/maine_coon/Maine_Coon_47.jpg,maine_coon,0,train
Maine_Coon_48,data/cat_v1/maine_coon/Maine_Coon_48.jpg,maine_coon,0,train
Maine_Coon_49,data/cat_v1/maine_coon/Maine_Coon_49.jpg,maine_coon,0,train
Maine_Coon_5,data/cat_v1/maine_coon/Maine_Coon_5.jpg,maine_coon,0,train
Maine_Coon_50,data/cat_v1/maine_coon/Maine_Coon_50.jpg,maine_coon,0,train
Maine_Coon_51,data/cat_v1/maine_coon/Maine_Coon_51.jpg,maine_coon,0,val
Maine_Coon_52,data/cat_v1/maine_coon/Maine_Coon_52.jpg,maine_coon,0,train
Maine_Coon_53,data/cat_v1/maine_coon/Maine_Coon_53.jpg,maine_coon,0,train
Maine_Coon_54,data/cat_v1/maine_coon/Maine_Coon_54.jpg,maine_coon,0,train
Maine_Coon_55,data/cat_v1/maine_coon/Maine_Coon_55.jpg,maine_coon,0,train
Maine_Coon_56,data/cat_v1/maine_coon/Maine_Coon_56.jpg,maine_coon,0,val
Maine_Coon_57,data/cat_v1/maine_coon/Maine_Coon_57.jpg,maine_coon,0,train
Maine_Coon_58,data/cat_v1/maine_coon/Maine_Coon_58.jpg,maine_coon,0,train
Maine_Coon_6,data/cat_v1/maine_coon/Maine_Coon_6.jpg,maine_coon,0,test
Maine_Coon_60,data/cat_v1/maine_coon/Maine_Coon_60.jpg,maine_coon,0,train
Maine_Coon_61,data/cat_v1/maine_coon/Maine_Coon_61.jpg,maine_coon,0,train
Maine_Coon_63,data/cat_v1/maine_coon/Maine_Coon_63.jpg,maine_coon,0,val
Maine_Coon_64,data/cat_v1/maine_coon/Maine_Coon_64.jpg,maine_coon,0,train
Maine_Coon_66,data/cat_v1/maine_coon/Maine_Coon_66.jpg,maine_coon,0,train
Maine_Coon_67,data/cat_v1/maine_coon/Maine_Coon_67.jpg,maine_coon,0,train
Maine_Coon_68,data/cat_v1/maine_coon/Maine_Coon_68.jpg,maine_coon,0,val
Maine_Coon_69,data/cat_v1/maine_coon/Maine_Coon_69.jpg,maine_coon,0,train
Maine_Coon_7,data/cat_v1/maine_coon/Maine_Coon_7.jpg,maine_coon,0,test
Maine_Coon_70,data/cat_v1/maine_coon/Maine_Coon_70.jpg,maine_coon,0,val
Maine_Coon_71,data/cat_v1/maine_coon/Maine_Coon_71.jpg,maine_coon,0,train
Maine_Coon_72,data/cat_v1/maine_coon/Maine_Coon_72.jpg,maine_coon,0,train
Maine_Coon_75,data/cat_v1/maine_coon/Maine_Coon_75.jpg,maine_coon,0,test
Maine_Coon_76,data/cat_v1/maine_coon/Maine_Coon_76.jpg,maine_coon,0,train
Maine_Coon_77,data/cat_v1/maine_coon/Maine_Coon_77.jpg,maine_coon,0,train
Maine_Coon_78,data/cat_v1/maine_coon/Maine_Coon_78.jpg,maine_coon,0,val
Maine_Coon_79,data/cat_v1/maine_coon/Maine_Coon_79.jpg,maine_coon,0,train
Maine_Coon_8,data/cat_v1/maine_coon/Maine_Coon_8.jpg,maine_coon,0,val
Maine_Coon_80,data/cat_v1/maine_coon/Maine_Coon_80.jpg,maine_coon,0,train
Maine_Coon_81,data/cat_v1/maine_coon/Maine_Coon_81.jpg,maine_coon,0,test
Maine_Coon_82,data/cat_v1/maine_coon/Maine_Coon_82.jpg,maine_coon,0,train
Maine_Coon_83,data/cat_v1/maine_coon/Maine_Coon_83.jpg,maine_coon,0,train
Maine_Coon_84,data/cat_v1/maine_coon/Maine_Coon_84.jpg,maine_coon,0,val
Maine_Coon_85,data/cat_v1/maine_coon/Maine_Coon_85.jpg,maine_coon,0,test
Maine_Coon_87,data/cat_v1/maine_coon/Maine_Coon_87.jpg,maine_coon,0,val
Maine_Coon_89,data/cat_v1/maine_coon/Maine_Coon_89.jpg,maine_coon,0,train
Maine_Coon_9,data/cat_v1/maine_coon/Maine_Coon_9.jpg,maine_coon,0,train
Maine_Coon_91,data/cat_v1/maine_coon/Maine_Coon_91.jpg,maine_coon,0,val
Maine_Coon_92,data/cat_v1/maine_coon/Maine_Coon_92.jpg,maine_coon,0,test
Maine_Coon_93,data/cat_v1/maine_coon/Maine_Coon_93.jpg,maine_coon,0,train
Maine_Coon_94,data/cat_v1/maine_coon/Maine_Coon_94.jpg,maine_coon,0,test
Maine_Coon_95,data/cat_v1/maine_coon/Maine_Coon_95.jpg,maine_coon,0,train
Maine_Coon_96,data/cat_v1/maine_coon/Maine_Coon_96.jpg,maine_coon,0,val
Maine_Coon_97,data/cat_v1/maine_coon/Maine_Coon_97.jpg,maine_coon,0,val
Maine_Coon_98,data/cat_v1/maine_coon/Maine_Coon_98.jpg,maine_coon,0,test
Maine_Coon_99,data/cat_v1/maine_coon/Maine_Coon_99.jpg,maine_coon,0,train
Maine_Coon_Kitten,data/cat_v1/maine_coon/Maine_Coon_Kitten.jpg,maine_coon,0,train
Maine_Coon_cat_Toronto_home,data/cat_v1/maine_coon/Maine_Coon_cat_Toronto_home.jpg,maine_coon,0,test
Maine_Coon_female,data/cat_v1/maine_coon/Maine_Coon_female.jpg,maine_coon,0,val
Mainecoon1-1200x840,data/cat_v1/maine_coon/Mainecoon1-1200x840.jpg,maine_coon,0,train
Redsilver_Maine_coon_Kittens,data/cat_v1/maine_coon/Redsilver_Maine_coon_Kittens.jpg,maine_coon,0,train
RsutVhi,data/cat_v1/maine_coon/RsutVhi.jpg,maine_coon,0,train
Sleepy_3-year-old_Red-Mackerel-tabby-with-white_male_Maine_Coon_cat,data/cat_v1/maine_coon/Sleepy_3-year-old_Red-Mackerel-tabby-with-white_male_Maine_Coon_cat.jpg,maine_coon,0,train
a26cc51883344d51e2f80e0be233086f,data/cat_v1/maine_coon/a26cc51883344d51e2f80e0be233086f.jpg,maine_coon,0,train
a6e4e331d6e0a6457604fa7a70e3fa25,data/cat_v1/maine_coon/a6e4e331d6e0a6457604fa7a70e3fa25.jpg,maine_coon,0,train
a7bb8e10b921beffe50f287a340a49c6,data/cat_v1/maine_coon/a7bb8e10b921beffe50f287a340a49c6.jpg,maine_coon,0,train
b2786dfdb608c757896f6dee836f8973,data/cat_v1/maine_coon/b2786dfdb608c757896f6dee836f8973.jpg,maine_coon,0,train
b51449210e2916eb89c612adb11b3bfc,data/cat_v1/maine_coon/b51449210e2916eb89c612adb11b3bfc.jpg,maine_coon,0,train
ba9c032b5b2c85197fa5e88fb943dc4a,data/cat_v1/maine_coon/ba9c032b5b2c85197fa5e88fb943dc4a.jpg,maine_coon,0,test
bbb8a9271b55d2b4640fc7fbe9ee84c5,data/cat_v1/maine_coon/bbb8a9271b55d2b4640fc7fbe9ee84c5.jpg,maine_coon,0,train
be6f0e6a9d5b024b731b5f0e1261a2fe,data/cat_v1/maine_coon/be6f0e6a9d5b024b731b5f0e1261a2fe.jpg,maine_coon,0,train
beautiful-maine-coon-cat-price,data/cat_v1/maine_coon/beautiful-maine-coon-cat-price.jpg,maine_coon,0,train
best-cat-food-for-maine-coon,data/cat_v1/maine_coon/best-cat-food-for-maine-coon.jpg,maine_coon,0,test
black-and-white-maine-coon,data/cat_v1/maine_coon/black-and-white-maine-coon.jpg,maine_coon,0,train
black-tabby-maine-coon,data/cat_v1/maine_coon/black-tabby-maine-coon.jpg,maine_coon,0,test
c02c08bcf45c02f66116f8ab62192480,data/cat_v1/maine_coon/c02c08bcf45c02f66116f8ab62192480.jpg,maine_coon,0,val
c2f8d89e07378c6a800014f410a37e15,data/cat_v1/maine_coon/c2f8d89e07378c6a800014f410a37e15.jpg,maine_coon,0,train
c44f6c08f156f8820fc4a533eef04eb0,data/cat_v1/maine_coon/c44f6c08f156f8820fc4a533eef04eb0.jpg,maine_coon,0,train
c569d53dd6c7969a21afaa919d5ce7ad,data/cat_v1/maine_coon/c569d53dd6c7969a21afaa919d5ce7ad.jpg,maine_coon,0,train
cat-3879979_1920,data/cat_v1/maine_coon/cat-3879979_1920.jpg,maine_coon,0,train
cat-animals-white-green-eyes-wallpaper,data/cat_v1/maine_coon/cat-animals-white-green-eyes-wallpaper.jpg,maine_coon,0,test
cat-breeds-maine-coon-cat,data/cat_v1/maine_coon/cat-breeds-maine-coon-cat.jpg,maine_coon,0,train
cat-maine-coon-fluffy-face-wallpaper,data/cat_v1/maine_coon/cat-maine-coon-fluffy-face-wallpaper.jpg,maine_coon,0,val
cat-muzzle-fluffy-look-wallpaper,data/cat_v1/maine_coon/cat-muzzle-fluffy-look-wallpaper.jpg,maine_coon,0,test
cbf586114425c05335dc5ae2335429dd,data/cat_v1/maine_coon/cbf586114425c05335dc5ae2335429dd.jpg,maine_coon,0,test
cc3afa805a65539c226aa4034f055d2a,data/cat_v1/maine_coon/cc3afa805a65539c226aa4034f055d2a.jpg,maine_coon,0,train
ce78d6e3cf149f547c8964c091edaea5,data/cat_v1/maine_coon/ce78d6e3cf149f547c8964c091edaea5.jpg,maine_coon,0,val
cf7dc8fd25db64c4cdcb0c81123488b8,data/cat_v1/maine_coon/cf7dc8fd25db64c4cdcb0c81123488b8.jpg,maine_coon,0,train
cffb227b8613207166e55eadb230c2ff,data/cat_v1/maine_coon/cffb227b8613207166e55eadb230c2ff.jpg,maine_coon,0,test
chat-maine-coon,data/cat_v1/maine_coon/chat-maine-coon.jpg,maine_coon,0,train
close-up-maine-coon-cat-7-months-old-18989925,data/cat_v1/maine_coon/close-up-maine-coon-cat-7-months-old-18989925.jpg,maine_coon,0,test
cooncat,data/cat_v1/maine_coon/cooncat.jpeg,maine_coon,0,train
cute-maine-coon-cat,data/cat_v1/maine_coon/cute-maine-coon-cat.jpg,maine_coon,0,train
d25a37ab761bdd15f4ceb95e12cf8ab8,data/cat_v1/maine_coon/d25a37ab761bdd15f4ceb95e12cf8ab8.png,maine_coon,0,test
d4164a7ab8a1d655133391655ea80644,data/cat_v1/maine_coon/d4164a7ab8a1d655133391655ea80644.jpg,maine_coon,0,train
d82106d76bea4a4a00be337030972816,data/cat_v1/maine_coon/d82106d76bea4a4a00be337030972816.jpg,maine_coon,0,train
defd8aded7b90f23eff9ec4185b9af9f,data/cat_v1/maine_coon/defd8aded7b90f23eff9ec4185b9af9f.jpg,maine_coon,0,train
df395c98913b468cfabc7cbc25cdb203,data/cat_v1/maine_coon/df395c98913b468cfabc7cbc25cdb203.jpg,maine_coon,0,train
e2d093d51cd35bb2205be539c43c37d1,data/cat_v1/maine_coon/e2d093d51cd35bb2205be539c43c37d1.jpg,maine_coon,0,train
e432ec7b183fd465f46913ed88afc0fb,data/cat_v1/maine_coon/e432ec7b183fd465f46913ed88afc0fb.jpg,maine_coon,0,train
e4e18427f6e77f2dd694ca2dcea1dbd9,data/cat_v1/maine_coon/e4e18427f6e77f2dd694ca2dcea1dbd9.jpg,maine_coon,0,train
e6b01fc53f5fb64410ae70748c2a71ee,data/cat_v1/maine_coon/e6b01fc53f5fb64410ae70748c2a71ee.jpg,maine_coon,0,train
eb864a10e412c6842939144ee296e382,data/cat_v1/maine_coon/eb864a10e412c6842939144ee296e382.jpg,maine_coon,0,train
eeb44e4b7b2354031473d84e1dab008e,data/cat_v1/maine_coon/eeb44e4b7b2354031473d84e1dab008e.jpg,maine_coon,0,train
f02330e5db73dcbeed517cdccd9a59e0,data/cat_v1/maine_coon/f02330e5db73dcbeed517cdccd9a59e0.jpg,maine_coon,0,train
f481d6e1e411b26657226af8f94c70d6,data/cat_v1/maine_coon/f481d6e1e411b26657226af8f94c70d6.jpg,maine_coon,0,train
f4d5cfa542cb8850e181924eb8eb4896,data/cat_v1/maine_coon/f4d5cfa542cb8850e181924eb8eb4896.jpg,maine_coon,0,val
f5d8a42b9eed9c63af7c83d316baf2c1,data/cat_v1/maine_coon/f5d8a42b9eed9c63af7c83d316baf2c1.jpg,maine_coon,0,val
f6139be36666ca1eb97b12d151ee926f,data/cat_v1/maine_coon/f6139be36666ca1eb97b12d151ee926f.jpg,maine_coon,0,train
fullsizeoutput_210c,data/cat_v1/maine_coon/fullsizeoutput_210c.jpeg,maine_coon,0,val
fullsizeoutput_2b62,data/cat_v1/maine_coon/fullsizeoutput_2b62.jpeg,maine_coon,0,train
hFwnO6z,data/cat_v1/maine_coon/hFwnO6z.jpg,maine_coon,0,train
image (1),data/cat_v1/maine_coon/image (1).jpg,maine_coon,0,train
image-of-a-cute-friendly-maine-coon-cat,data/cat_v1/maine_coon/image-of-a-cute-friendly-maine-coon-cat.jpg,maine_coon,0,val
image-of-a-maine-coon-cat-1,data/cat_v1/maine_coon/image-of-a-maine-coon-cat-1.jpg,maine_coon,0,train
image-of-a-pair-of-maine-coon-cat,data/cat_v1/maine_coon/image-of-a-pair-of-maine-coon-cat.webp,maine_coon,0,train
image,data/cat_v1/maine_coon/image.jpg,maine_coon,0,val
img_7118,data/cat_v1/maine_coon/img_7118.jpg,maine_coon,0,train
img_8222-scaled,data/cat_v1/maine_coon/img_8222-scaled.jpg,maine_coon,0,train
kitto13,data/cat_v1/maine_coon/kitto13.jpg,maine_coon,0,val
large1,data/cat_v1/maine_coon/large1.jpg,maine_coon,0,train
main-coon-esa-cat-mango,data/cat_v1/maine_coon/main-coon-esa-cat-mango.jpg,maine_coon,0,train
maine-coon-1,data/cat_v1/maine_coon/maine-coon-1.jpeg,maine_coon,0,train
maine-coon-2,data/cat_v1/maine_coon/maine-coon-2.png,maine_coon,0,test
maine-coon-311961,data/cat_v1/maine_coon/maine-coon-311961.jpg,maine_coon,0,val
maine-coon-559169,data/cat_v1/maine_coon/maine-coon-559169.jpg,maine_coon,0,train
maine-coon-586917,data/cat_v1/maine_coon/maine-coon-586917.jpg,maine_coon,0,train
maine-coon-619745,data/cat_v1/maine_coon/maine-coon-619745.jpg,maine_coon,0,train
maine-coon-621995,data/cat_v1/maine_coon/maine-coon-621995.jpeg,maine_coon,0,train
maine-coon-621996,data/cat_v1/maine_coon/maine-coon-621996.jpeg,maine_coon,0,test
maine-coon-621997,data/cat_v1/maine_coon/maine-coon-621997.jpeg,maine_coon,0,test
maine-coon-642712,data/cat_v1/maine_coon/maine-coon-642712.jpg,maine_coon,0,test
maine-coon-642714,data/cat_v1/maine_coon/maine-coon-642714.jpg,maine_coon,0,train
maine-coon-662637,data/cat_v1/maine_coon/maine-coon-662637.jpeg,maine_coon,0,test
maine-coon-680282,data/cat_v1/maine_coon/maine-coon-680282.jpg,maine_coon,0,train
maine-coon-754011,data/cat_v1/maine_coon/maine-coon-754011.jpeg,maine_coon,0,val
maine-coon-836911,data/cat_v1/maine_coon/maine-coon-836911.jpg,maine_coon,0,test
maine-coon-836912,data/cat_v1/maine_coon/maine-coon-836912.jpg,maine_coon,0,val
maine-coon-836913,data/cat_v1/maine_coon/maine-coon-836913.jpg,maine_coon,0,train
maine-coon-857455,data/cat_v1/maine_coon/maine-coon-857455.jpg,maine_coon,0,train
maine-coon-857456,data/cat_v1/maine_coon/maine-coon-857456.jpg,maine_coon,0,train
maine-coon-cat-1398061,data/cat_v1/maine_coon/maine-coon-cat-1398061.jpg,maine_coon,0,train
maine-coon-cat-1542262,data/cat_v1/maine_coon/maine-coon-cat-1542262.jpg,maine_coon,0,train
maine-coon-cat-5,data/cat_v1/maine_coon/maine-coon-cat-5.jpg,maine_coon,0,train
maine-coon-cat-ashley-1544979,data/cat_v1/maine_coon/maine-coon-cat-ashley-1544979.jpg,maine_coon,0,val
maine-coon-cat-breed-1024x877,data/cat_v1/maine_coon/maine-coon-cat-breed-1024x877.jpg,maine_coon,0,train
maine-coon-cat-fluffy-chair-wallpaper,data/cat_v1/maine_coon/maine-coon-cat-fluffy-chair-wallpaper.jpg,maine_coon,0,train
maine-coon-cat-fluffy-cool,data/cat_v1/maine_coon/maine-coon-cat-fluffy-cool.jpg,maine_coon,0,train
maine-coon-cat-gorgeous,data/cat_v1/maine_coon/maine-coon-cat-gorgeous.jpg,maine_coon,0,train
maine-coon-cat5,data/cat_v1/maine_coon/maine-coon-cat5.jpg,maine_coon,0,test
maine-coon-cats-1400x875,data/cat_v1/maine_coon/maine-coon-cats-1400x875.jpg,maine_coon,0,val
maine-coon-cats-in-quarantine-2,data/cat_v1/maine_coon/maine-coon-cats-in-quarantine-2.jpg,maine_coon,0,train
maine-coon-chat-photographe-21,data/cat_v1/maine_coon/maine-coon-chat-photographe-21.jpg,maine_coon,0,train
maine-coon-kitten (1),data/cat_v1/maine_coon/maine-coon-kitten (1).jpg,maine_coon,0,train
maine-coon-kitten-names,data/cat_v1/maine_coon/maine-coon-kitten-names.jpg,maine_coon,0,train
maine-coon-kitten,data/cat_v1/maine_coon/maine-coon-kitten.jpg,maine_coon,0,test
maine-coon-kitten1,data/cat_v1/maine_coon/maine-coon-kitten1.jpg,maine_coon,0,train
maine-coon-kittens-872669,data/cat_v1/maine_coon/maine-coon-kittens-872669.jpg,maine_coon,0,train
maine-coon-kitty,data/cat_v1/maine_coon/maine-coon-kitty.jpg,maine_coon,0,train
maine-coon-relaxing,data/cat_v1/maine_coon/maine-coon-relaxing.jpg,maine_coon,0,train
maine-coon59-1,data/cat_v1/maine_coon/maine-coon59-1.jpg,maine_coon,0,test
mainecooncorner_32121708_1494352784008413_2226928998103908352_n,data/cat_v1/maine_coon/mainecooncorner_32121708_1494352784008413_2226928998103908352_n.jpg,maine_coon,0,train
mainecooncorner_33858129_273360616582419_5810601339964620800_n,data/cat_v1/maine_coon/mainecooncorner_33858129_273360616582419_5810601339964620800_n.jpg,maine_coon,0,train
mainecoonludo,data/cat_v1/maine_coon/mainecoonludo.jpg,maine_coon,0,train
mainecoonmix1,data/cat_v1/maine_coon/mainecoonmix1.jpg,maine_coon,0,train
mc10,data/cat_v1/maine_coon/mc10.jpg,maine_coon,0,train
mc33.0,data/cat_v1/maine_coon/mc33.0.jpg,maine_coon,0,test
orange3,data/cat_v1/maine_coon/orange3.jpg,maine_coon,0,train
original,data/cat_v1/maine_coon/original.jpg,maine_coon,0,train
pexels-photo-1870320,data/cat_v1/maine_coon/pexels-photo-1870320.jpeg,maine_coon,0,train
pexels-photo-586618,data/cat_v1/maine_coon/pexels-photo-586618.jpeg,maine_coon,0,train
pexels-photo-586620,data/cat_v1/maine_coon/pexels-photo-586620.jpeg,maine_coon,0,train
rjrivylg78711,data/cat_v1/maine_coon/rjrivylg78711.jpg,maine_coon,0,train
tilt-shift-photography-maine-coon-cat-lightroom-animal-wallpaper,data/cat_v1/maine_coon/tilt-shift-photography-maine-coon-cat-lightroom-animal-wallpaper.jpg,maine_coon,0,val
yn3h3biepms21,data/cat_v1/maine_coon/yn3h3biepms21.jpg,maine_coon,0,train
04ecca85dae9ae1f5f404e68a289139b,data/cat_v1/ragdoll/04ecca85dae9ae1f5f404e68a289139b.jpg,ragdoll,1,train
0599222d68f89df6a17784997ad4c816,data/cat_v1/ragdoll/0599222d68f89df6a17784997ad4c816.jpg,ragdoll,1,train
0a8d33cd127ba447efd93b9488585790,data/cat_v1/ragdoll/0a8d33cd127ba447efd93b9488585790.jpg,ragdoll,1,val
0a9df4c05aff675b1426c701fea9e0dc,data/cat_v1/ragdoll/0a9df4c05aff675b1426c701fea9e0dc.jpg,ragdoll,1,test
0c8e50eb24db1849c1a0ecc638b9ba5b,data/cat_v1/ragdoll/0c8e50eb24db1849c1a0ecc638b9ba5b.jpg,ragdoll,1,train
11213-Tortoiseshell-and-two-ragdoll-cats,data/cat_v1/ragdoll/11213-Tortoiseshell-and-two-ragdoll-cats.jpg,ragdoll,1,train
11e43d6d946b44abc868901dbdfdc7b5,data/cat_v1/ragdoll/11e43d6d946b44abc868901dbdfdc7b5.jpg,ragdoll,1,test
1200-37427470-ragdoll-cat,data/cat_v1/ragdoll/1200-37427470-ragdoll-cat.jpg,ragdoll,1,train
124199014_xl,data/cat_v1/ragdoll/124199014_xl.jpg,ragdoll,1,train
1732624227ee9a0bb58e702d6a2d9f3f,data/cat_v1/ragdoll/1732624227ee9a0bb58e702d6a2d9f3f.jpg,ragdoll,1,train
181124608_a18f0d495e_b,data/cat_v1/ragdoll/181124608_a18f0d495e_b.jpg,ragdoll,1,val
19cf174d39b6e284546bd3c9dde2617d,data/cat_v1/ragdoll/19cf174d39b6e284546bd3c9dde2617d.jpg,ragdoll,1,test
1fa7036535595c67b52c0bb57764d838,data/cat_v1/ragdoll/1fa7036535595c67b52c0bb57764d838.jpg,ragdoll,1,train
20648-Lilac-bicolour-Ragdoll-cat-lying-with-head-up,data/cat_v1/ragdoll/20648-Lilac-bicolour-Ragdoll-cat-lying-with-head-up.jpg,ragdoll,1,test
21bcf0a08369291d071821a629b60258,data/cat_v1/ragdoll/21bcf0a08369291d071821a629b60258.jpg,ragdoll,1,val
22219924_719461648244213_4942048061401934211_o,data/cat_v1/ragdoll/22219924_719461648244213_4942048061401934211_o.jpg,ragdoll,1,val
2751140,data/cat_v1/ragdoll/2751140.png,ragdoll,1,val
27665-Blue-eyed-Ragdoll-kitten-white-background,data/cat_v1/ragdoll/27665-Blue-eyed-Ragdoll-kitten-white-background.jpg,ragdoll,1,train
276bdce103d8590fd3ebc2cf7acf1ba6,data/cat_v1/ragdoll/276bdce103d8590fd3ebc2cf7acf1ba6.jpg,ragdoll,1,train
2cf008151de12819f4ebad7e5c24a266,data/cat_v1/ragdoll/2cf008151de12819f4ebad7e5c24a266.jpg,ragdoll,1,train
2e2cc888-7cdd-6404-f139-79c1f201d23b,data/cat_v1/ragdoll/2e2cc888-7cdd-6404-f139-79c1f201d23b.jpeg,ragdoll,1,train
2e3f652667c93ac2dd4c5eb2760c93fe,data/cat_v1/ragdoll/2e3f652667c93ac2dd4c5eb2760c93fe.jpg,ragdoll,1,train
38773-Ragdoll-kitten-among-spring-flowers,data/cat_v1/ragdoll/38773-Ragdoll-kitten-among-spring-flowers.jpg,ragdoll,1,train
39421-Blue-eyed-Ragdoll-kitten-white-background,data/cat_v1/ragdoll/39421-Blue-eyed-Ragdoll-kitten-white-background.jpg,ragdoll,1,train
39772-Ragdoll-cat-white-background,data/cat_v1/ragdoll/39772-Ragdoll-cat-white-background.jpg,ragdoll,1,val
3a189f490f7dd30e3a83a8f677523c9e,data/cat_v1/ragdoll/3a189f490f7dd30e3a83a8f677523c9e.jpg,ragdoll,1,val
3b8a614226a953a8cd9526fca6fe9ba5,data/cat_v1/ragdoll/3b8a614226a953a8cd9526fca6fe9ba5.jpg,ragdoll,1,train
3fe47f4244148fcdc9cfd8d8c3e44dda,data/cat_v1/ragdoll/3fe47f4244148fcdc9cfd8d8c3e44dda.jpg,ragdoll,1,train
41534-Ragdoll-kitten-10-weeks-old-white-background,data/cat_v1/ragdoll/41534-Ragdoll-kitten-10-weeks-old-white-background.jpg,ragdoll,1,val
43ebf72b13de09361d7a52878773d,data/cat_v1/ragdoll/43ebf72b13de09361d7a52878773d.jpg,ragdoll,1,train
49b826e113fb2acea171222930648c5c,data/cat_v1/ragdoll/49b826e113fb2acea171222930648c5c.jpg,ragdoll,1,train
49dd1d27a854c4b44b72932aa208d04e,data/cat_v1/ragdoll/49dd1d27a854c4b44b72932aa208d04e.jpg,ragdoll,1,train
4dfc69125aa9cfafb5c7333ac2211b6e,data/cat_v1/ragdoll/4dfc69125aa9cfafb5c7333ac2211b6e.jpg,ragdoll,1,train
549162,data/cat_v1/ragdoll/549162.jpg,ragdoll,1,val
56902602_414038916065155_4512174701024918698_n-95d7a6c3150e46be804a19a821abeceb,data/cat_v1/ragdoll/56902602_414038916065155_4512174701024918698_n-95d7a6c3150e46be804a19a821abeceb.jpg,ragdoll,1,train
5ab4f4dbd3b6a5fb3ff4af08a31f0dbf,data/cat_v1/ragdoll/5ab4f4dbd3b6a5fb3ff4af08a31f0dbf.jpg,ragdoll,1,train
5be919c106a1a2c4681972f940121a9a,data/cat_v1/ragdoll/5be919c106a1a2c4681972f940121a9a.jpg,ragdoll,1,train
5dbd9785be54163365380837decb7b77,data/cat_v1/ragdoll/5dbd9785be54163365380837decb7b77.jpg,ragdoll,1,train
60841aa3bf294bb6bcb203a0e8d9a191,data/cat_v1/ragdoll/60841aa3bf294bb6bcb203a0e8d9a191.jpg,ragdoll,1,test
63d5612af077b1d2f62687467860bdd4,data/cat_v1/ragdoll/63d5612af077b1d2f62687467860bdd4.jpg,ragdoll,1,train
68636f1eed8430aa99bcbc300eea98bf,data/cat_v1/ragdoll/68636f1eed8430aa99bcbc300eea98bf.jpg,ragdoll,1,train
69d6575461a0abe33a995c7792335,data/cat_v1/ragdoll/69d6575461a0abe33a995c7792335.jpg,ragdoll,1,train
6a02fbf286bc2e5cde7064dc0e28d8c5,data/cat_v1/ragdoll/6a02fbf286bc2e5cde7064dc0e28d8c5.jpg,ragdoll,1,train
6e5a57aadfb71f4635e6f99956a14772,data/cat_v1/ragdoll/6e5a57aadfb71f4635e6f99956a14772.jpg,ragdoll,1,test
72b906a708de17740617e3d907b802d2,data/cat_v1/ragdoll/72b906a708de17740617e3d907b802d2.jpg,ragdoll,1,train
741582,data/cat_v1/ragdoll/741582.jpg,ragdoll,1,train
7536708_XXL,data/cat_v1/ragdoll/7536708_XXL.jpg,ragdoll,1,test
76911a3bb79a442c891d113e0156e086,data/cat_v1/ragdoll/76911a3bb79a442c891d113e0156e086.jpg,ragdoll,1,train
77466c59fdd381902793db0f5ac22ec5,data/cat_v1/ragdoll/77466c59fdd381902793db0f5ac22ec5.jpg,ragdoll,1,train
7989885b0567fa19add29a5bbdda1655,data/cat_v1/ragdoll/7989885b0567fa19add29a5bbdda1655.jpg,ragdoll,1,train
7b01651c218c9d68436f403e1fdfa213,data/cat_v1/ragdoll/7b01651c218c9d68436f403e1fdfa213.jpg,ragdoll,1,train
83cb4c2d733f54494fb8d85c6f16d66f,data/cat_v1/ragdoll/83cb4c2d733f54494fb8d85c6f16d66f.jpg,ragdoll,1,test
84e271727ca5e1508f553fd07b93ac13,data/cat_v1/ragdoll/84e271727ca5e1508f553fd07b93ac13.jpg,ragdoll,1,train
84fba77d7e113a83476941243436cc83,data/cat_v1/ragdoll/84fba77d7e113a83476941243436cc83.jpg,ragdoll,1,train
86 (1),data/cat_v1/ragdoll/86 (1).jpg,ragdoll,1,train
86,data/cat_v1/ragdoll/86.jpg,ragdoll,1,train
8cf9578a6ab02802c78688f73dc45ee6,data/cat_v1/ragdoll/8cf9578a6ab02802c78688f73dc45ee6.jpg,ragdoll,1,test
90cd56d8ab766c33aa10517008824b65,data/cat_v1/ragdoll/90cd56d8ab766c33aa10517008824b65.jpg,ragdoll,1,train
924fe6e569b4f7d8a0d02a27ac08c3f4b88d8c38d02b3201befa013cad9656b8.jpeg-1500x,data/cat_v1/ragdoll/924fe6e569b4f7d8a0d02a27ac08c3f4b88d8c38d02b3201befa013cad9656b8.jpeg-1500x.jpg,ragdoll,1,val
96ac36376a23358bb56ae3fb4402a6a8,data/cat_v1/ragdoll/96ac36376a23358bb56ae3fb4402a6a8.jpg,ragdoll,1,train
9c5f453e8f1a75660374f2be5ef02581,data/cat_v1/ragdoll/9c5f453e8f1a75660374f2be5ef02581.jpg,ragdoll,1,test
9r7nfja3e7t21,data/cat_v1/ragdoll/9r7nfja3e7t21.jpg,ragdoll,1,val
ACAS-RG-11,data/cat_v1/ragdoll/ACAS-RG-11.jpg,ragdoll,1,test
ACAS-RG-4,data/cat_v1/ragdoll/ACAS-RG-4.jpg,ragdoll,1,train
ACAS-RG-5,data/cat_v1/ragdoll/ACAS-RG-5.jpg,ragdoll,1,test
Blue-Bicolor-Mink-Ragdoll-Cat-1169x1536,data/cat_v1/ragdoll/Blue-Bicolor-Mink-Ragdoll-Cat-1169x1536.jpeg,ragdoll,1,train
Canva-Ragdoll-Cat-1-min-scaled,data/cat_v1/ragdoll/Canva-Ragdoll-Cat-1-min-scaled.jpg,ragdoll,1,train
D284-Ragdoll-Cat-Stuffed-Toy-Animal,data/cat_v1/ragdoll/D284-Ragdoll-Cat-Stuffed-Toy-Animal.jpg,ragdoll,1,train
DSC_0952,data/cat_v1/ragdoll/DSC_0952.jpg,ragdoll,1,train
Gabby-Ragdoll-of-the-Week-20190529_185353-1200x1222,data/cat_v1/ragdoll/Gabby-Ragdoll-of-the-Week-20190529_185353-1200x1222.jpg,ragdoll,1,train
IMG_3457,data/cat_v1/ragdoll/IMG_3457.jpg,ragdoll,1,train
Kucing-Ragdoll-1,data/cat_v1/ragdoll/Kucing-Ragdoll-1.jpg,ragdoll,1,val
Melbourne-Ragdoll-of-the-Week-Melbie-1-2-18-10-months-old-see-how-his-color-is-coming-out-Wow-what-a-handsome-boy,data/cat_v1/ragdoll/Melbourne-Ragdoll-of-the-Week-Melbie-1-2-18-10-months-old-see-how-his-color-is-coming-out-Wow-what-a-handsome-boy.jpg,ragdoll,1,val
Merlin-a-flame-mitted-Ragdoll-cat-IMG_0249-1536x2048,data/cat_v1/ragdoll/Merlin-a-flame-mitted-Ragdoll-cat-IMG_0249-1536x2048.jpeg,ragdoll,1,train
My-Ragdoll-Clyde-Is-The-Best,data/cat_v1/ragdoll/My-Ragdoll-Clyde-Is-The-Best.jpg,ragdoll,1,train
Our-bright-eyed-ragdoll-cat-cookie,data/cat_v1/ragdoll/Our-bright-eyed-ragdoll-cat-cookie.jpg,ragdoll,1,train
Prince-Blue-Colorpoint-Ragdoll-1-yr-old,data/cat_v1/ragdoll/Prince-Blue-Colorpoint-Ragdoll-1-yr-old.jpg,ragdoll,1,train
"Ragdoll,_seal_mitted","data/cat_v1/ragdoll/Ragdoll,_seal_mitted.jpg",ragdoll,1,train
Ragdoll-1-e1607423517672,data/cat_v1/ragdoll/Ragdoll-1-e1607423517672.jpg,ragdoll,1,train
Ragdoll-2,data/cat_v1/ragdoll/Ragdoll-2.jpg,ragdoll,1,test
Ragdoll-Cat (1),data/cat_v1/ragdoll/Ragdoll-Cat (1).jpg,ragdoll,1,test
Ragdoll-Kitten-of-the-Month-Kaki,data/cat_v1/ragdoll/Ragdoll-Kitten-of-the-Month-Kaki.jpg,ragdoll,1,val
Ragdoll-cute-kitten-1030x772,data/cat_v1/ragdoll/Ragdoll-cute-kitten-1030x772.jpg,ragdoll,1,train
Ragdoll-of-the-Week-Mingo-Mingo-2.5-years-b,data/cat_v1/ragdoll/Ragdoll-of-the-Week-Mingo-Mingo-2.5-years-b.jpg,ragdoll,1,train
Ragdoll0010,data/cat_v1/ragdoll/Ragdoll0010.jpg,ragdoll,1,train
RagdollCat-WebsiteImage-220620-scaled,data/cat_v1/ragdoll/RagdollCat-WebsiteImage-220620-scaled.jpg,ragdoll,1,test
Ragdoll_1,data/cat_v1/ragdoll/Ragdoll_1.jpg,ragdoll,1,train
Ragdoll_10,data/cat_v1/ragdoll/Ragdoll_10.jpg,ragdoll,1,train
Ragdoll_100,data/cat_v1/ragdoll/Ragdoll_100.jpg,ragdoll,1,val
Ragdoll_101,data/cat_v1/ragdoll/Ragdoll_101.jpg,ragdoll,1,train
Ragdoll_103,data/cat_v1/ragdoll/Ragdoll_103.jpg,ragdoll,1,train
Ragdoll_104,data/cat_v1/ragdoll/Ragdoll_104.jpg,ragdoll,1,train
Ragdoll_105,data/cat_v1/ragdoll/Ragdoll_105.jpg,ragdoll,1,train
Ragdoll_106,data/cat_v1/ragdoll/Ragdoll_106.jpg,ragdoll,1,train
Ragdoll_107,data/cat_v1/ragdoll/Ragdoll_107.jpg,ragdoll,1,train
Ragdoll_110,data/cat_v1/ragdoll/Ragdoll_110.jpg,ragdoll,1,test
Ragdoll_111,data/cat_v1/ragdoll/Ragdoll_111.jpg,ragdoll,1,train
Ragdoll_112,data/cat_v1/ragdoll/Ragdoll_112.jpg,ragdoll,1,val
Ragdoll_113,data/cat_v1/ragdoll/Ragdoll_113.jpg,ragdoll,1,train
Ragdoll_114,data/cat_v1/ragdoll/Ragdoll_114.jpg,ragdoll,1,train
Ragdoll_115,data/cat_v1/ragdoll/Ragdoll_115.jpg,ragdoll,1,test
Ragdoll_116,data/cat_v1/ragdoll/Ragdoll_116.jpg,ragdoll,1,val
Ragdoll_117,data/cat_v1/ragdoll/Ragdoll_117.jpg,ragdoll,1,val
Ragdoll_118,data/cat_v1/ragdoll/Ragdoll_118.jpg,ragdoll,1,train
Ragdoll_119,data/cat_v1/ragdoll/Ragdoll_119.jpg,ragdoll,1,train
Ragdoll_12,data/cat_v1/ragdoll/Ragdoll_12.jpg,ragdoll,1,train
Ragdoll_121,data/cat_v1/ragdoll/Ragdoll_121.jpg,ragdoll,1,test
Ragdoll_122,data/cat_v1/ragdoll/Ragdoll_122.jpg,ragdoll,1,val
Ragdoll_124,data/cat_v1/ragdoll/Ragdoll_124.jpg,ragdoll,1,train
Ragdoll_125,data/cat_v1/ragdoll/Ragdoll_125.jpg,ragdoll,1,train
Ragdoll_126,data/cat_v1/ragdoll/Ragdoll_126.jpg,ragdoll,1,train
Ragdoll_127,data/cat_v1/ragdoll/Ragdoll_127.jpg,ragdoll,1,train
Ragdoll_128,data/cat_v1/ragdoll/Ragdoll_128.jpg,ragdoll,1,train
Ragdoll_129,data/cat_v1/ragdoll/Ragdoll_129.jpg,ragdoll,1,train
Ragdoll_13,data/cat_v1/ragdoll/Ragdoll_13.jpg,ragdoll,1,train
Ragdoll_130,data/cat_v1/ragdoll/Ragdoll_130.jpg,ragdoll,1,train
Ragdoll_131,data/cat_v1/ragdoll/Ragdoll_131.jpg,ragdoll,1,val
Ragdoll_132,data/cat_v1/ragdoll/Ragdoll_132.jpg,ragdoll,1,train
Ragdoll_133,data/cat_v1/ragdoll/Ragdoll_133.jpg,ragdoll,1,train
Ragdoll_134,data/cat_v1/ragdoll/Ragdoll_134.jpg,ragdoll,1,train
Ragdoll_135,data/cat_v1/ragdoll/Ragdoll_135.jpg,ragdoll,1,train
Ragdoll_136,data/cat_v1/ragdoll/Ragdoll_136.jpg,ragdoll,1,train
Ragdoll_137,data/cat_v1/ragdoll/Ragdoll_137.jpg,ragdoll,1,train
Ragdoll_138,data/cat_v1/ragdoll/Ragdoll_138.jpg,ragdoll,1,train
Ragdoll_139,data/cat_v1/ragdoll/Ragdoll_139.jpg,ragdoll,1,train
Ragdoll_140,data/cat_v1/ragdoll/Ragdoll_140.jpg,ragdoll,1,train
Ragdoll_141,data/cat_v1/ragdoll/Ragdoll_141.jpg,ragdoll,1,train
Ragdoll_142,data/cat_v1/ragdoll/Ragdoll_142.jpg,ragdoll,1,train
Ragdoll_143,data/cat_v1/ragdoll/Ragdoll_143.jpg,ragdoll,1,train
Ragdoll_145,data/cat_v1/ragdoll/Ragdoll_145.jpg,ragdoll,1,train
Ragdoll_146,data/cat_v1/ragdoll/Ragdoll_146.jpg,ragdoll,1,test
Ragdoll_147,data/cat_v1/ragdoll/Ragdoll_147.jpg,ragdoll,1,train
Ragdoll_148,data/cat_v1/ragdoll/Ragdoll_148.jpg,ragdoll,1,train
Ragdoll_149,data/cat_v1/ragdoll/Ragdoll_149.jpg,ragdoll,1,train
Ragdoll_150,data/cat_v1/ragdoll/Ragdoll_150.jpg,ragdoll,1,train
Ragdoll_151,data/cat_v1/ragdoll/Ragdoll_151.jpg,ragdoll,1,train
Ragdoll_152,data/cat_v1/ragdoll/Ragdoll_152.jpg,ragdoll,1,test
Ragdoll_153,data/cat_v1/ragdoll/Ragdoll_153.jpg,ragdoll,1,train
Ragdoll_154,data/cat_v1/ragdoll/Ragdoll_154.jpg,ragdoll,1,train
Ragdoll_155,data/cat_v1/ragdoll/Ragdoll_155.jpg,ragdoll,1,val
Ragdoll_156,data/cat_v1/ragdoll/Ragdoll_156.jpg,ragdoll,1,val
Ragdoll_158,data/cat_v1/ragdoll/Ragdoll_158.jpg,ragdoll,1,val
Ragdoll_159,data/cat_v1/ragdoll/Ragdoll_159.jpg,ragdoll,1,test
Ragdoll_16,data/cat_v1/ragdoll/Ragdoll_16.jpg,ragdoll,1,train
Ragdoll_160,data/cat_v1/ragdoll/Ragdoll_160.jpg,ragdoll,1,train
Ragdoll_162,data/cat_v1/ragdoll/Ragdoll_162.jpg,ragdoll,1,val
Ragdoll_163,data/cat_v1/ragdoll/Ragdoll_163.jpg,ragdoll,1,train
Ragdoll_164,data/cat_v1/ragdoll/Ragdoll_164.jpg,ragdoll,1,test
Ragdoll_165,data/cat_v1/ragdoll/Ragdoll_165.jpg,ragdoll,1,test
Ragdoll_166,data/cat_v1/ragdoll/Ragdoll_166.jpg,ragdoll,1,train
Ragdoll_168,data/cat_v1/ragdoll/Ragdoll_168.jpg,ragdoll,1,train
Ragdoll_169,data/cat_v1/ragdoll/Ragdoll_169.jpg,ragdoll,1,val
Ragdoll_170,data/cat_v1/ragdoll/Ragdoll_170.jpg,ragdoll,1,test
Ragdoll_171,data/cat_v1/ragdoll/Ragdoll_171.jpg,ragdoll,1,train
Ragdoll_172,data/cat_v1/ragdoll/Ragdoll_172.jpg,ragdoll,1,train
Ragdoll_173,data/cat_v1/ragdoll/Ragdoll_173.jpg,ragdoll,1,train
Ragdoll_174,data/cat_v1/ragdoll/Ragdoll_174.jpg,ragdoll,1,train
Ragdoll_175,data/cat_v1/ragdoll/Ragdoll_175.jpg,ragdoll,1,val
Ragdoll_176,data/cat_v1/ragdoll/Ragdoll_176.jpg,ragdoll,1,test
Ragdoll_177,data/cat_v1/ragdoll/Ragdoll_177.jpg,ragdoll,1,train
Ragdoll_178,data/cat_v1/ragdoll/Ragdoll_178.jpg,ragdoll,1,test
Ragdoll_179,data/cat_v1/ragdoll/Ragdoll_179.jpg,ragdoll,1,train
Ragdoll_18,data/cat_v1/ragdoll/Ragdoll_18.jpg,ragdoll,1,train
Ragdoll_180,data/cat_v1/ragdoll/Ragdoll_180.jpg,ragdoll,1,train
Ragdoll_181,data/cat_v1/ragdoll/Ragdoll_181.jpg,ragdoll,1,train
Ragdoll_182,data/cat_v1/ragdoll/Ragdoll_182.jpg,ragdoll,1,train
Ragdoll_183,data/cat_v1/ragdoll/Ragdoll_183.jpg,ragdoll,1,train
Ragdoll_184,data/cat_v1/ragdoll/Ragdoll_184.jpg,ragdoll,1,train
Ragdoll_185,data/cat_v1/ragdoll/Ragdoll_185.jpg,ragdoll,1,train
Ragdoll_186,data/cat_v1/ragdoll/Ragdoll_186.jpg,ragdoll,1,val
Ragdoll_187,data/cat_v1/ragdoll/Ragdoll_187.jpg,ragdoll,1,test
Ragdoll_188,data/cat_v1/ragdoll/Ragdoll_188.jpg,ragdoll,1,val
Ragdoll_189,data/cat_v1/ragdoll/Ragdoll_189.jpg,ragdoll,1,train
Ragdoll_190,data/cat_v1/ragdoll/Ragdoll_190.jpg,ragdoll,1,train
Ragdoll_191,data/cat_v1/ragdoll/Ragdoll_191.jpg,ragdoll,1,train
Ragdoll_192,data/cat_v1/ragdoll/Ragdoll_192.jpg,ragdoll,1,test
Ragdoll_193,data/cat_v1/ragdoll/Ragdoll_193.jpg,ragdoll,1,test
Ragdoll_194,data/cat_v1/ragdoll/Ragdoll_194.jpg,ragdoll,1,train
Ragdoll_195,data/cat_v1/ragdoll/Ragdoll_195.jpg,ragdoll,1,train
Ragdoll_196,data/cat_v1/ragdoll/Ragdoll_196.jpg,ragdoll,1,train
Ragdoll_197,data/cat_v1/ragdoll/Ragdoll_197.jpg,ragdoll,1,train
Ragdoll_198,data/cat_v1/ragdoll/Ragdoll_198.jpg,ragdoll,1,train
Ragdoll_199,data/cat_v1/ragdoll/Ragdoll_199.jpg,ragdoll,1,test
Ragdoll_2,data/cat_v1/ragdoll/Ragdoll_2.jpg,ragdoll,1,train
Ragdoll_20,data/cat_v1/ragdoll/Ragdoll_20.jpg,ragdoll,1,val
Ragdoll_201,data/cat_v1/ragdoll/Ragdoll_201.jpg,ragdoll,1,train
Ragdoll_202,data/cat_v1/ragdoll/Ragdoll_202.jpg,ragdoll,1,val
Ragdoll_203,data/cat_v1/ragdoll/Ragdoll_203.jpg,ragdoll,1,test
Ragdoll_204,data/cat_v1/ragdoll/Ragdoll_204.jpg,ragdoll,1,train
Ragdoll_205,data/cat_v1/ragdoll/Ragdoll_205.jpg,ragdoll,1,train
Ragdoll_208,data/cat_v1/ragdoll/Ragdoll_208.jpg,ragdoll,1,train
Ragdoll_210,data/cat_v1/ragdoll/Ragdoll_210.jpg,ragdoll,1,train
Ragdoll_219,data/cat_v1/ragdoll/Ragdoll_219.jpg,ragdoll,1,val
Ragdoll_224,data/cat_v1/ragdoll/Ragdoll_224.jpg,ragdoll,1,train
Ragdoll_227,data/cat_v1/ragdoll/Ragdoll_227.jpg,ragdoll,1,train
Ragdoll_228,data/cat_v1/ragdoll/Ragdoll_228.jpg,ragdoll,1,train
Ragdoll_234,data/cat_v1/ragdoll/Ragdoll_234.jpg,ragdoll,1,train
Ragdoll_235,data/cat_v1/ragdoll/Ragdoll_235.jpg,ragdoll,1,test
Ragdoll_24,data/cat_v1/ragdoll/Ragdoll_24.jpg,ragdoll,1,val
Ragdoll_245,data/cat_v1/ragdoll/Ragdoll_245.jpg,ragdoll,1,val
Ragdoll_25,data/cat_v1/ragdoll/Ragdoll_25.jpg,ragdoll,1,train
Ragdoll_250,data/cat_v1/ragdoll/Ragdoll_250.jpg,ragdoll,1,train
Ragdoll_252,data/cat_v1/ragdoll/Ragdoll_252.jpg,ragdoll,1,train
Ragdoll_2520cat_252C_2520ragdoll_2520kitten_edit,data/cat_v1/ragdoll/Ragdoll_2520cat_252C_2520ragdoll_2520kitten_edit.jpg,ragdoll,1,train
Ragdoll_254,data/cat_v1/ragdoll/Ragdoll_254.jpg,ragdoll,1,train
Ragdoll_26,data/cat_v1/ragdoll/Ragdoll_26.jpg,ragdoll,1,train
Ragdoll_27,data/cat_v1/ragdoll/Ragdoll_27.jpg,ragdoll,1,train
Ragdoll_29,data/cat_v1/ragdoll/Ragdoll_29.jpg,ragdoll,1,train
Ragdoll_3,data/cat_v1/ragdoll/Ragdoll_3.jpg,ragdoll,1,train
Ragdoll_30,data/cat_v1/ragdoll/Ragdoll_30.jpg,ragdoll,1,test
Ragdoll_31,data/cat_v1/ragdoll/Ragdoll_31.jpg,ragdoll,1,train
Ragdoll_32,data/cat_v1/ragdoll/Ragdoll_32.jpg,ragdoll,1,train
Ragdoll_33,data/cat_v1/ragdoll/Ragdoll_33.jpg,ragdoll,1,train
Ragdoll_34,data/cat_v1/ragdoll/Ragdoll_34.jpg,ragdoll,1,train
Ragdoll_35,data/cat_v1/ragdoll/Ragdoll_35.jpg,ragdoll,1,test
Ragdoll_36,data/cat_v1/ragdoll/Ragdoll_36.jpg,ragdoll,1,test
Ragdoll_37,data/cat_v1/ragdoll/Ragdoll_37.jpg,ragdoll,1,train
Ragdoll_4,data/cat_v1/ragdoll/Ragdoll_4.jpg,ragdoll,1,train
Ragdoll_40,data/cat_v1/ragdoll/Ragdoll_40.jpg,ragdoll,1,train
Ragdoll_41,data/cat_v1/ragdoll/Ragdoll_41.jpg,ragdoll,1,train
Ragdoll_42,data/cat_v1/ragdoll/Ragdoll_42.jpg,ragdoll,1,train
Ragdoll_43,data/cat_v1/ragdoll/Ragdoll_43.jpg,ragdoll,1,train
Ragdoll_44,data/cat_v1/ragdoll/Ragdoll_44.jpg,ragdoll,1,test
Ragdoll_45,data/cat_v1/ragdoll/Ragdoll_45.jpg,ragdoll,1,train
Ragdoll_47,data/cat_v1/ragdoll/Ragdoll_47.jpg,ragdoll,1,train
Ragdoll_48,data/cat_v1/ragdoll/Ragdoll_48.jpg,ragdoll,1,val
Ragdoll_49,data/cat_v1/ragdoll/Ragdoll_49.jpg,ragdoll,1,test
Ragdoll_5,data/cat_v1/ragdoll/Ragdoll_5.jpg,ragdoll,1,train
Ragdoll_51,data/cat_v1/ragdoll/Ragdoll_51.jpg,ragdoll,1,train
Ragdoll_52,data/cat_v1/ragdoll/Ragdoll_52.jpg,ragdoll,1,train
Ragdoll_53,data/cat_v1/ragdoll/Ragdoll_53.jpg,ragdoll,1,train
Ragdoll_54,data/cat_v1/ragdoll/Ragdoll_54.jpg,ragdoll,1,train
Ragdoll_56,data/cat_v1/ragdoll/Ragdoll_56.jpg,ragdoll,1,train
Ragdoll_57,data/cat_v1/ragdoll/Ragdoll_57.jpg,ragdoll,1,train
Ragdoll_58,data/cat_v1/ragdoll/Ragdoll_58.jpg,ragdoll,1,train
Ragdoll_59,data/cat_v1/ragdoll/Ragdoll_59.jpg,ragdoll,1,test
Ragdoll_6,data/cat_v1/ragdoll/Ragdoll_6.jpg,ragdoll,1,train
Ragdoll_60,data/cat_v1/ragdoll/Ragdoll_60.jpg,ragdoll,1,train
Ragdoll_62,data/cat_v1/ragdoll/Ragdoll_62.jpg,ragdoll,1,test
Ragdoll_63,data/cat_v1/ragdoll/Ragdoll_63.jpg,ragdoll,1,train
Ragdoll_64,data/cat_v1/ragdoll/Ragdoll_64.jpg,ragdoll,1,train
Ragdoll_67,data/cat_v1/ragdoll/Ragdoll_67.jpg,ragdoll,1,train
Ragdoll_68,data/cat_v1/ragdoll/Ragdoll_68.jpg,ragdoll,1,test
Ragdoll_69,data/cat_v1/ragdoll/Ragdoll_69.jpg,ragdoll,1,train
Ragdoll_7,data/cat_v1/ragdoll/Ragdoll_7.jpg,ragdoll,1,val
Ragdoll_71,data/cat_v1/ragdoll/Ragdoll_71.jpg,ragdoll,1,train
Ragdoll_72,data/cat_v1/ragdoll/Ragdoll_72.jpg,ragdoll,1,test
Ragdoll_73,data/cat_v1/ragdoll/Ragdoll_73.jpg,ragdoll,1,train
Ragdoll_74,data/cat_v1/ragdoll/Ragdoll_74.jpg,ragdoll,1,train
Ragdoll_75,data/cat_v1/ragdoll/Ragdoll_75.jpg,ragdoll,1,val
Ragdoll_76,data/cat_v1/ragdoll/Ragdoll_76.jpg,ragdoll,1,val
Ragdoll_77,data/cat_v1/ragdoll/Ragdoll_77.jpg,ragdoll,1,train
Ragdoll_78,data/cat_v1/ragdoll/Ragdoll_78.jpg,ragdoll,1,train
Ragdoll_79,data/cat_v1/ragdoll/Ragdoll_79.jpg,ragdoll,1,train
Ragdoll_8,data/cat_v1/ragdoll/Ragdoll_8.jpg,ragdoll,1,train
Ragdoll_80,data/cat_v1/ragdoll/Ragdoll_80.jpg,ragdoll,1,train
Ragdoll_81,data/cat_v1/ragdoll/Ragdoll_81.jpg,ragdoll,1,train
Ragdoll_82,data/cat_v1/ragdoll/Ragdoll_82.jpg,ragdoll,1,train
Ragdoll_83,data/cat_v1/ragdoll/Ragdoll_83.jpg,ragdoll,1,train
Ragdoll_84,data/cat_v1/ragdoll/Ragdoll_84.jpg,ragdoll,1,val
Ragdoll_85,data/cat_v1/ragdoll/Ragdoll_85.jpg,ragdoll,1,train
Ragdoll_86,data/cat_v1/ragdoll/Ragdoll_86.jpg,ragdoll,1,train
Ragdoll_87,data/cat_v1/ragdoll/Ragdoll_87.jpg,ragdoll,1,train
Ragdoll_88,data/cat_v1/ragdoll/Ragdoll_88.jpg,ragdoll,1,val
Ragdoll_89,data/cat_v1/ragdoll/Ragdoll_89.jpg,ragdoll,1,train
Ragdoll_9,data/cat_v1/ragdoll/Ragdoll_9.jpg,ragdoll,1,test
Ragdoll_90,data/cat_v1/ragdoll/Ragdoll_90.jpg,ragdoll,1,train
Ragdoll_91,data/cat_v1/ragdoll/Ragdoll_91.jpg,ragdoll,1,val
Ragdoll_92,data/cat_v1/ragdoll/Ragdoll_92.jpg,ragdoll,1,test
Ragdoll_93,data/cat_v1/ragdoll/Ragdoll_93.jpg,ragdoll,1,test
Ragdoll_94,data/cat_v1/ragdoll/Ragdoll_94.jpg,ragdoll,1,train
Ragdoll_95,data/cat_v1/ragdoll/Ragdoll_95.jpg,ragdoll,1,val
Ragdoll_96,data/cat_v1/ragdoll/Ragdoll_96.jpg,ragdoll,1,val
Ragdoll_97,data/cat_v1/ragdoll/Ragdoll_97.jpg,ragdoll,1,val
Ragdoll_98,data/cat_v1/ragdoll/Ragdoll_98.jpg,ragdoll,1,test
Ragdoll_99,data/cat_v1/ragdoll/Ragdoll_99.jpg,ragdoll,1,train
Ragdoll_Blue_Colourpoint,data/cat_v1/ragdoll/Ragdoll_Blue_Colourpoint.jpg,ragdoll,1,train
Ragdoll_Lilac_Tortie,data/cat_v1/ragdoll/Ragdoll_Lilac_Tortie.jpg,ragdoll,1,train
Rio-adult,data/cat_v1/ragdoll/Rio-adult.jpeg,ragdoll,1,train
Trigg-Chiggy-Blue-Lynx-Mitted-Ragdoll-cat-outside-on-grass-IMG_1157-scaled,data/cat_v1/ragdoll/Trigg-Chiggy-Blue-Lynx-Mitted-Ragdoll-cat-outside-on-grass-IMG_1157-scaled.jpg,ragdoll,1,train
Vendita_Gattini_di_Ragdoll_1286547_86,data/cat_v1/ragdoll/Vendita_Gattini_di_Ragdoll_1286547_86.jpg,ragdoll,1,train
Young_seal_mitted_ragdoll,data/cat_v1/ragdoll/Young_seal_mitted_ragdoll.jpg,ragdoll,1,val
a2c2c23bbbf095eabe83702d3057e4f6,data/cat_v1/ragdoll/a2c2c23bbbf095eabe83702d3057e4f6.jpg,ragdoll,1,train
a4f83ad44f58ddc8732dc13fc99f6668,data/cat_v1/ragdoll/a4f83ad44f58ddc8732dc13fc99f6668.jpg,ragdoll,1,train
ac3a90ba9e706a44f96095a1944c42cf,data/cat_v1/ragdoll/ac3a90ba9e706a44f96095a1944c42cf.jpg,ragdoll,1,train
accoppiamento-ragdoll_702117_2_2,data/cat_v1/ragdoll/accoppiamento-ragdoll_702117_2_2.jpg,ragdoll,1,train
aquamarinedolls-hugo-boss-blue-bicolor-ragdoll-kitten,data/cat_v1/ragdoll/aquamarinedolls-hugo-boss-blue-bicolor-ragdoll-kitten.jpg,ragdoll,1,train
aquamarinedolls-silvanus,data/cat_v1/ragdoll/aquamarinedolls-silvanus.jpg,ragdoll,1,val
b2009f4cc49a8cce25b107627a3e1f4d,data/cat_v1/ragdoll/b2009f4cc49a8cce25b107627a3e1f4d.jpg,ragdoll,1,train
b2a2ae9ca200541ec3bb24d41c8a2406,data/cat_v1/ragdoll/b2a2ae9ca200541ec3bb24d41c8a2406.jpg,ragdoll,1,train
b50599361384e1fb8657f12e2cbb89d0,data/cat_v1/ragdoll/b50599361384e1fb8657f12e2cbb89d0.jpg,ragdoll,1,train
b6ce1426810d9a3932017c27dfe5a6ca,data/cat_v1/ragdoll/b6ce1426810d9a3932017c27dfe5a6ca.jpg,ragdoll,1,train
b75d662e1d66d5ace5b63b0796e51a09,data/cat_v1/ragdoll/b75d662e1d66d5ace5b63b0796e51a09.jpg,ragdoll,1,test
b808c1abb0de9c1e336d8769c82ba794,data/cat_v1/ragdoll/b808c1abb0de9c1e336d8769c82ba794.jpg,ragdoll,1,train
bde1a50290cd8fbf0a15da7aa3606d26,data/cat_v1/ragdoll/bde1a50290cd8fbf0a15da7aa3606d26.jpg,ragdoll,1,train
be1df591263616402203cc7064670b3a,data/cat_v1/ragdoll/be1df591263616402203cc7064670b3a.jpg,ragdoll,1,train
beautiful-ragdoll-kitten,data/cat_v1/ragdoll/beautiful-ragdoll-kitten.jpg,ragdoll,1,test
c2661aefaf36753fb479913e48a6b937,data/cat_v1/ragdoll/c2661aefaf36753fb479913e48a6b937.jpg,ragdoll,1,train
c6b28dc30cdb48fbe3680a8eb8764429,data/cat_v1/ragdoll/c6b28dc30cdb48fbe3680a8eb8764429.jpg,ragdoll,1,train
caera-mitted-ragdoll-cat-1024,data/cat_v1/ragdoll/caera-mitted-ragdoll-cat-1024.jpg,ragdoll,1,train
cara-merawat-kucing-ragdoll-1536x1023,data/cat_v1/ragdoll/cara-merawat-kucing-ragdoll-1536x1023.jpg,ragdoll,1,test
cat-2201013_1280,data/cat_v1/ragdoll/cat-2201013_1280.jpg,ragdoll,1,val
cfd045286526cbc7f6615e201c22aaa6,data/cat_v1/ragdoll/cfd045286526cbc7f6615e201c22aaa6.jpg,ragdoll,1,test
chat-ragdoll-chaton,data/cat_v1/ragdoll/chat-ragdoll-chaton.jpg,ragdoll,1,train
chat-ragdoll,data/cat_v1/ragdoll/chat-ragdoll.jpg,ragdoll,1,val
d578c12964c089a54b83f25c22f7888e,data/cat_v1/ragdoll/d578c12964c089a54b83f25c22f7888e.jpg,ragdoll,1,train
d7b850ef0804502b5401059ba4acda43,data/cat_v1/ragdoll/d7b850ef0804502b5401059ba4acda43.jpg,ragdoll,1,train
d872b7821198c1047736bc8f221d47a1,data/cat_v1/ragdoll/d872b7821198c1047736bc8f221d47a1.jpg,ragdoll,1,train
e20af8b9ed5a8e5fde0797f97e2d9640,data/cat_v1/ragdoll/e20af8b9ed5a8e5fde0797f97e2d9640.jpg,ragdoll,1,train
e21cdbf77ce1275989289d4ff9c716b1,data/cat_v1/ragdoll/e21cdbf77ce1275989289d4ff9c716b1.jpg,ragdoll,1,val
e465b4a664be3c32d86719784f8d1d0f,data/cat_v1/ragdoll/e465b4a664be3c32d86719784f8d1d0f.jpg,ragdoll,1,test
f2491afaf92a3c51d1227a61ebe37b2d,data/cat_v1/ragdoll/f2491afaf92a3c51d1227a61ebe37b2d.jpg,ragdoll,1,train
f25e361ebcd27b2df5b5a4e2005ce1b8,data/cat_v1/ragdoll/f25e361ebcd27b2df5b5a4e2005ce1b8.jpg,ragdoll,1,train
f2f2df653556e834f4c7c5800438be95,data/cat_v1/ragdoll/f2f2df653556e834f4c7c5800438be95.jpg,ragdoll,1,train
f367d97476806e218445d7dd36412760,data/cat_v1/ragdoll/f367d97476806e218445d7dd36412760.jpg,ragdoll,1,test
f4f1b70133786d0c30146bb70862f003,data/cat_v1/ragdoll/f4f1b70133786d0c30146bb70862f003.jpg,ragdoll,1,train
f974dea015c633f570444004b10a71f1,data/cat_v1/ragdoll/f974dea015c633f570444004b10a71f1.jpg,ragdoll,1,train
fac6a21044772330fbd0b90502c94bf8,data/cat_v1/ragdoll/fac6a21044772330fbd0b90502c94bf8.jpg,ragdoll,1,val
fc4b0627fb3cc6f2ad9aa33ea3c0f59c,data/cat_v1/ragdoll/fc4b0627fb3cc6f2ad9aa33ea3c0f59c.jpg,ragdoll,1,train
fdce32601e2d9657239cfd6e12b38479,data/cat_v1/ragdoll/fdce32601e2d9657239cfd6e12b38479.jpg,ragdoll,1,train
fotolia_121848146-1,data/cat_v1/ragdoll/fotolia_121848146-1.jpg,ragdoll,1,train
gato-ragdoll-kitty-2602111-1920,data/cat_v1/ragdoll/gato-ragdoll-kitty-2602111-1920.jpg,ragdoll,1,train
gato-ragdoll-scaled,data/cat_v1/ragdoll/gato-ragdoll-scaled.jpg,ragdoll,1,train
istock_000011462404_large,data/cat_v1/ragdoll/istock_000011462404_large.jpg,ragdoll,1,val
joshua-mcarthur-E0rGtTlpvR4-unsplash-scaled,data/cat_v1/ragdoll/joshua-mcarthur-E0rGtTlpvR4-unsplash-scaled.jpg,ragdoll,1,train
kflv64pk0gp31,data/cat_v1/ragdoll/kflv64pk0gp31.jpg,ragdoll,1,train
kittens_Singapore,data/cat_v1/ragdoll/kittens_Singapore.jpeg,ragdoll,1,train
koty-kot-ragdoll_big203399_1381152383,data/cat_v1/ragdoll/koty-kot-ragdoll_big203399_1381152383.jpg,ragdoll,1,val
matilda-the-ragdoll-cat-algonquin-hotel-nyc-full-size,data/cat_v1/ragdoll/matilda-the-ragdoll-cat-algonquin-hotel-nyc-full-size.jpg,ragdoll,1,train
meet-merlin-the-ragdoll-cat-who-looks-always-pissed-off-17,data/cat_v1/ragdoll/meet-merlin-the-ragdoll-cat-who-looks-always-pissed-off-17.jpg,ragdoll,1,test
nLPhLWn,data/cat_v1/ragdoll/nLPhLWn.jpg,ragdoll,1,train
orange-tabby-ragdoll-kitten-2,data/cat_v1/ragdoll/orange-tabby-ragdoll-kitten-2.jpg,ragdoll,1,test
ou2hsrh6th301-1535x2048,data/cat_v1/ragdoll/ou2hsrh6th301-1535x2048.jpg,ragdoll,1,train
pexels-photo-557416,data/cat_v1/ragdoll/pexels-photo-557416.jpeg,ragdoll,1,train
r7,data/cat_v1/ragdoll/r7.jpg,ragdoll,1,val
ragdoll-409853,data/cat_v1/ragdoll/ragdoll-409853.jpg,ragdoll,1,train
ragdoll-4306116_1280,data/cat_v1/ragdoll/ragdoll-4306116_1280.jpg,ragdoll,1,train
ragdoll-44d26f28-9ed2-48fe-a7e9-9724a66658d6,data/cat_v1/ragdoll/ragdoll-44d26f28-9ed2-48fe-a7e9-9724a66658d6.jpg,ragdoll,1,train
ragdoll-491631,data/cat_v1/ragdoll/ragdoll-491631.jpg,ragdoll,1,val
ragdoll-492127,data/cat_v1/ragdoll/ragdoll-492127.jpg,ragdoll,1,test
ragdoll-516370f59a855,data/cat_v1/ragdoll/ragdoll-516370f59a855.jpg,ragdoll,1,train
ragdoll-527031,data/cat_v1/ragdoll/ragdoll-527031.jpg,ragdoll,1,train
ragdoll-527036,data/cat_v1/ragdoll/ragdoll-527036.jpg,ragdoll,1,train
ragdoll-527565,data/cat_v1/ragdoll/ragdoll-527565.jpg,ragdoll,1,train
ragdoll-543890,data/cat_v1/ragdoll/ragdoll-543890.jpg,ragdoll,1,train
ragdoll-626078,data/cat_v1/ragdoll/ragdoll-626078.jpeg,ragdoll,1,train
ragdoll-632558,data/cat_v1/ragdoll/ragdoll-632558.jpeg,ragdoll,1,train
ragdoll-643339,data/cat_v1/ragdoll/ragdoll-643339.jpg,ragdoll,1,train
ragdoll-702521,data/cat_v1/ragdoll/ragdoll-702521.jpg,ragdoll,1,train
ragdoll-709834,data/cat_v1/ragdoll/ragdoll-709834.jpeg,ragdoll,1,train
ragdoll-747134,data/cat_v1/ragdoll/ragdoll-747134.jpeg,ragdoll,1,train
ragdoll-bicolor-1,data/cat_v1/ragdoll/ragdoll-bicolor-1.jpg,ragdoll,1,train
ragdoll-cat-lying-down--portrait-579000275-5c868f0146e0fb00015f8fbf,data/cat_v1/ragdoll/ragdoll-cat-lying-down--portrait-579000275-5c868f0146e0fb00015f8fbf.jpg,ragdoll,1,train
ragdoll-cat,data/cat_v1/ragdoll/ragdoll-cat.jpg,ragdoll,1,val
ragdoll-cat2,data/cat_v1/ragdoll/ragdoll-cat2.jpg,ragdoll,1,val
ragdoll-cats-888344,data/cat_v1/ragdoll/ragdoll-cats-888344.jpg,ragdoll,1,train
ragdoll-face-cover,data/cat_v1/ragdoll/ragdoll-face-cover.jpg,ragdoll,1,train
ragdoll-kitten-2,data/cat_v1/ragdoll/ragdoll-kitten-2.jpg,ragdoll,1,train
ragdoll-kittens-888343,data/cat_v1/ragdoll/ragdoll-kittens-888343.jpg,ragdoll,1,train
ragdoll-kitty-e1522101384737,data/cat_v1/ragdoll/ragdoll-kitty-e1522101384737.jpg,ragdoll,1,val
ragdoll-profil-1024x1024,data/cat_v1/ragdoll/ragdoll-profil-1024x1024.jpg,ragdoll,1,test
ragdoll-ragdoll-kitten-pictures-breed,data/cat_v1/ragdoll/ragdoll-ragdoll-kitten-pictures-breed.jpg,ragdoll,1,val
ragdoll1,data/cat_v1/ragdoll/ragdoll1.jpg,ragdoll,1,val
ragdoll87-1,data/cat_v1/ragdoll/ragdoll87-1.jpg,ragdoll,1,train
ragdoll_cat_x1,data/cat_v1/ragdoll/ragdoll_cat_x1.jpg,ragdoll,1,test
sbf86dzohvyfq51hy0zu,data/cat_v1/ragdoll/sbf86dzohvyfq51hy0zu.jpg,ragdoll,1,train
siamese-vs-ragdoll2-1024x788,data/cat_v1/ragdoll/siamese-vs-ragdoll2-1024x788.jpg,ragdoll,1,test
size-comparison,data/cat_v1/ragdoll/size-comparison.jpg,ragdoll,1,train
ucq2xu3ozquuqyhlbbsy,data/cat_v1/ragdoll/ucq2xu3ozquuqyhlbbsy.jpg,ragdoll,1,train
vendita-gattini-di-ragdoll_552843_2_2,data/cat_v1/ragdoll/vendita-gattini-di-ragdoll_552843_2_2.jpg,ragdoll,1,train
vendita-gattini-di-ragdoll_552843_5_6,data/cat_v1/ragdoll/vendita-gattini-di-ragdoll_552843_5_6.jpg,ragdoll,1,train
vendita-gattini-di-ragdoll_587558_1_1,data/cat_v1/ragdoll/vendita-gattini-di-ragdoll_587558_1_1.jpg,ragdoll,1,train
vendita-gattini-di-ragdoll_587558_2_2,data/cat_v1/ragdoll/vendita-gattini-di-ragdoll_587558_2_2.jpg,ragdoll,1,test
vendita-gattini-di-ragdoll_592223_3_3,data/cat_v1/ragdoll/vendita-gattini-di-ragdoll_592223_3_3.jpg,ragdoll,1,test
vendita-gattini-di-ragdoll_592223_7_9,data/cat_v1/ragdoll/vendita-gattini-di-ragdoll_592223_7_9.jpg,ragdoll,1,train
vendita-gattini-di-ragdoll_592223_9_11,data/cat_v1/ragdoll/vendita-gattini-di-ragdoll_592223_9_11.jpg,ragdoll,1,train
vendita-gattini-di-ragdoll_596138_2_3,data/cat_v1/ragdoll/vendita-gattini-di-ragdoll_596138_2_3.jpg,ragdoll,1,train
vendita-gattini-di-ragdoll_614891_3_3,data/cat_v1/ragdoll/vendita-gattini-di-ragdoll_614891_3_3.jpg,ragdoll,1,train
vendita-gattini-di-ragdoll_614891_6_6,data/cat_v1/ragdoll/vendita-gattini-di-ragdoll_614891_6_6.jpg,ragdoll,1,train
vendita-gattini-di-ragdoll_637487_4_4,data/cat_v1/ragdoll/vendita-gattini-di-ragdoll_637487_4_4.jpg,ragdoll,1,train
vendita-gattini-di-ragdoll_637487_7_7,data/cat_v1/ragdoll/vendita-gattini-di-ragdoll_637487_7_7.jpg,ragdoll,1,train
vendita-gattini-di-ragdoll_637518_1_2,data/cat_v1/ragdoll/vendita-gattini-di-ragdoll_637518_1_2.jpg,ragdoll,1,train
vendita-gattini-di-ragdoll_641533_4_21,data/cat_v1/ragdoll/vendita-gattini-di-ragdoll_641533_4_21.jpg,ragdoll,1,train
vendita-gattini-di-ragdoll_641533_8_25,data/cat_v1/ragdoll/vendita-gattini-di-ragdoll_641533_8_25.jpg,ragdoll,1,test
vendita-gattini-di-ragdoll_654832_1_1,data/cat_v1/ragdoll/vendita-gattini-di-ragdoll_654832_1_1.jpg,ragdoll,1,train
vendita-gattini-di-ragdoll_669890_1_3,data/cat_v1/ragdoll/vendita-gattini-di-ragdoll_669890_1_3.jpg,ragdoll,1,train
vendita-gattini-di-ragdoll_705211_1_1,data/cat_v1/ragdoll/vendita-gattini-di-ragdoll_705211_1_1.jpg,ragdoll,1,train
vendita-ragdoll_638750_2_26,data/cat_v1/ragdoll/vendita-ragdoll_638750_2_26.jpg,ragdoll,1,train
vjeuna4oc4wy,data/cat_v1/ragdoll/vjeuna4oc4wy.jpg,ragdoll,1,train
wp3754103,data/cat_v1/ragdoll/wp3754103.jpg,ragdoll,1,train
wp3754170,data/cat_v1/ragdoll/wp3754170.jpg,ragdoll,1,train
wp3754188,data/cat_v1/ragdoll/wp3754188.jpg,ragdoll,1,val
wp8541259,data/cat_v1/ragdoll/wp8541259.jpg,ragdoll,1,train
wp8541261,data/cat_v1/ragdoll/wp8541261.jpg,ragdoll,1,train
zjtc4t8kl2h61,data/cat_v1/ragdoll/zjtc4t8kl2h61.jpg,ragdoll,1,train
0706f1a90468dec8fe5f2d00f1a33f4e,data/cat_v1/siamese/0706f1a90468dec8fe5f2d00f1a33f4e.jpg,siamese,0,train
0_GLP_SAH_SM190278_30JPG,data/cat_v1/siamese/0_GLP_SAH_SM190278_30JPG.jpg,siamese,0,train
0a92a43b384b5f41931afa751601210f,data/cat_v1/siamese/0a92a43b384b5f41931afa751601210f.jpg,siamese,0,train
104efbb15c16edab444bdadfd34c315f,data/cat_v1/siamese/104efbb15c16edab444bdadfd34c315f.jpg,siamese,0,train
12464013584_6769c3e8f9_b,data/cat_v1/siamese/12464013584_6769c3e8f9_b.jpg,siamese,0,train
1280-481832862-siamese-kittens,data/cat_v1/siamese/1280-481832862-siamese-kittens.jpg,siamese,0,test
1280-487541834-siamese-kitten,data/cat_v1/siamese/1280-487541834-siamese-kitten.jpg,siamese,0,test
1280-512490278-siamese-cat-adult,data/cat_v1/siamese/1280-512490278-siamese-cat-adult.jpg,siamese,0,val
1280-525881090-blue-eyed-siamese-oriental-cat,data/cat_v1/siamese/1280-525881090-blue-eyed-siamese-oriental-cat.jpg,siamese,0,train
1280-525953353-siamese-cat-with-blue-eyes,data/cat_v1/siamese/1280-525953353-siamese-cat-with-blue-eyes.jpg,siamese,0,train
1280-531171162-siamese-cat,data/cat_v1/siamese/1280-531171162-siamese-cat.jpg,siamese,0,train
1280-543211472-cute-dreaming-siamese-cat,data/cat_v1/siamese/1280-543211472-cute-dreaming-siamese-cat.jpg,siamese,0,train
1280-637505640-siamese-cat,data/cat_v1/siamese/1280-637505640-siamese-cat.jpg,siamese,0,train
13063005_1010906012295823_1460481148827545678_o,data/cat_v1/siamese/13063005_1010906012295823_1460481148827545678_o.jpg,siamese,0,test
13248-Lilac-Tabby-point-Siamese-male-cat-white-background,data/cat_v1/siamese/13248-Lilac-Tabby-point-Siamese-male-cat-white-background.jpg,siamese,0,train
13924-Blue-point-Siamese-cat-white-background,data/cat_v1/siamese/13924-Blue-point-Siamese-cat-white-background.jpg,siamese,0,train
16659-Blue-tabby-point-Siamese-male-cat-white-background,data/cat_v1/siamese/16659-Blue-tabby-point-Siamese-male-cat-white-background.jpg,siamese,0,train
17692293294_e8f06bffa5_b,data/cat_v1/siamese/17692293294_e8f06bffa5_b.jpg,siamese,0,train
1807866,data/cat_v1/siamese/1807866.jpg,siamese,0,train
1807867,data/cat_v1/siamese/1807867.jpg,siamese,0,train
1807917,data/cat_v1/siamese/1807917.jpg,siamese,0,train
1jprb6od8bsz,data/cat_v1/siamese/1jprb6od8bsz.jpg,siamese,0,train
2017-09-26-10-02-54,data/cat_v1/siamese/2017-09-26-10-02-54.jpg,siamese,0,train
221189_e7bd7_orig,data/cat_v1/siamese/221189_e7bd7_orig.jpg,siamese,0,train
230900.Siamese_Cat_wallpaper-1536x1025,data/cat_v1/siamese/230900.Siamese_Cat_wallpaper-1536x1025.jpg,siamese,0,train
23696-Blue-point-Siamese-cat-white-background,data/cat_v1/siamese/23696-Blue-point-Siamese-cat-white-background.jpg,siamese,0,train
287467e51c313e23966a34b0d911ff31,data/cat_v1/siamese/287467e51c313e23966a34b0d911ff31.jpg,siamese,0,train
2e80f47fb46131256988051b5a5d668d,data/cat_v1/siamese/2e80f47fb46131256988051b5a5d668d.jpg,siamese,0,train
3009a601ae4f5bb6150c5d62c6c8db9c,data/cat_v1/siamese/3009a601ae4f5bb6150c5d62c6c8db9c.jpg,siamese,0,test
3018688f2d0b260bc14be16e464f9bec,data/cat_v1/siamese/3018688f2d0b260bc14be16e464f9bec.jpg,siamese,0,val
30297,data/cat_v1/siamese/30297.jpg,siamese,0,train
31533-Seal-point-Siamese-cross-cat-white-background,data/cat_v1/siamese/31533-Seal-point-Siamese-cross-cat-white-background.jpg,siamese,0,train
31d16080c8beed78ca8d7e9ecb7c3e1b,data/cat_v1/siamese/31d16080c8beed78ca8d7e9ecb7c3e1b.jpg,siamese,0,val
34636-Siamese-cat-white-background,data/cat_v1/siamese/34636-Siamese-cat-white-background.jpg,siamese,0,val
34637-Siamese-cat-white-background,data/cat_v1/siamese/34637-Siamese-cat-white-background.jpg,siamese,0,test
37587975_889760374551318_78404718182793216_n-5b69b5cb46e0fb00505791e1,data/cat_v1/siamese/37587975_889760374551318_78404718182793216_n-5b69b5cb46e0fb00505791e1.jpg,siamese,0,val
37850988_1864371777205243_4760178478257537024_n-5b69b1fd46e0fb0025564c07,data/cat_v1/siamese/37850988_1864371777205243_4760178478257537024_n-5b69b1fd46e0fb0025564c07.jpg,siamese,0,test
3ZY7n8,data/cat_v1/siamese/3ZY7n8.jpg,siamese,0,test
3bVC230,data/cat_v1/siamese/3bVC230.jpg,siamese,0,test
42b3fd2c628f7a129f72d31f75c78dde,data/cat_v1/siamese/42b3fd2c628f7a129f72d31f75c78dde.jpg,siamese,0,test
449536,data/cat_v1/siamese/449536.jpg,siamese,0,train
4691654,data/cat_v1/siamese/4691654.jpg,siamese,0,train
494342_72027_orig,data/cat_v1/siamese/494342_72027_orig.jpg,siamese,0,train
5-weird-facts-about-siamese-cats,data/cat_v1/siamese/5-weird-facts-about-siamese-cats.jpg,siamese,0,test
507f816a2371523b0a483e0d783f95e8,data/cat_v1/siamese/507f816a2371523b0a483e0d783f95e8.jpg,siamese,0,train
5113ef2348f5ca26b7aca175cd5d9554,data/cat_v1/siamese/5113ef2348f5ca26b7aca175cd5d9554.jpg,siamese,0,train
521367_6e135_orig,data/cat_v1/siamese/521367_6e135_orig.jpg,siamese,0,train
60bce3d98e4caed7e437f676989c0f46,data/cat_v1/siamese/60bce3d98e4caed7e437f676989c0f46.jpg,siamese,0,train
61cfed3c0f1c61d8f243a44cf3c059fc,data/cat_v1/siamese/61cfed3c0f1c61d8f243a44cf3c059fc.jpg,siamese,0,train
6599ebad25c31438ac6e7306cc1640c1,data/cat_v1/siamese/6599ebad25c31438ac6e7306cc1640c1.jpg,siamese,0,val
65f46b2c7863390fc3b57ecc20690973,data/cat_v1/siamese/65f46b2c7863390fc3b57ecc20690973.jpg,siamese,0,test
66bb138625e518f8e204aad7be83aa09,data/cat_v1/siamese/66bb138625e518f8e204aad7be83aa09.jpg,siamese,0,train
6831018e14ad83ca52db0c7c0064165d,data/cat_v1/siamese/6831018e14ad83ca52db0c7c0064165d.jpg,siamese,0,train
6b88703d24c6a5abac5ca9eaf5323697,data/cat_v1/siamese/6b88703d24c6a5abac5ca9eaf5323697.jpg,siamese,0,val
6e54d6f98f60e65b063d6be2f1d5ee85,data/cat_v1/siamese/6e54d6f98f60e65b063d6be2f1d5ee85.jpg,siamese,0,train
6ecf72771eb0e851daf49a91fa4e99ae,data/cat_v1/siamese/6ecf72771eb0e851daf49a91fa4e99ae.jpg,siamese,0,test
729099,data/cat_v1/siamese/729099.jpg,siamese,0,train
74E5ECE9-C8DE-4F4E-889E-55D31323D774-1024x991,data/cat_v1/siamese/74E5ECE9-C8DE-4F4E-889E-55D31323D774-1024x991.jpeg,siamese,0,train
75562931_151372889471502_4147752791952611680_n1,data/cat_v1/siamese/75562931_151372889471502_4147752791952611680_n1.jpg,siamese,0,val
770102c08b59bfe4fe44c7ca5d198524,data/cat_v1/siamese/770102c08b59bfe4fe44c7ca5d198524.jpg,siamese,0,test
77113-istock-176697468,data/cat_v1/siamese/77113-istock-176697468.jpg,siamese,0,train
78271,data/cat_v1/siamese/78271.jpg,siamese,0,train
7a74b2d62b56d64c31ea93cf41a54aa7,data/cat_v1/siamese/7a74b2d62b56d64c31ea93cf41a54aa7.jpg,siamese,0,train
7d640cf0fdefa94815133ab31b095ff7,data/cat_v1/siamese/7d640cf0fdefa94815133ab31b095ff7.jpg,siamese,0,train
7dd1f4062460fc0b4208eb7b65d6c694,data/cat_v1/siamese/7dd1f4062460fc0b4208eb7b65d6c694.jpg,siamese,0,train
7e19519a1c6a4a587d0acdb6dc5b1aeb,data/cat_v1/siamese/7e19519a1c6a4a587d0acdb6dc5b1aeb.jpg,siamese,0,train
80e2637dea22563021516a9c74c1d16c,data/cat_v1/siamese/80e2637dea22563021516a9c74c1d16c.jpg,siamese,0,train
857ff00aa26330bab7df5d0c32118947,data/cat_v1/siamese/857ff00aa26330bab7df5d0c32118947.jpg,siamese,0,train
8669AA90-8370-433C-BBB2-B9181FEF88FE-1024x769,data/cat_v1/siamese/8669AA90-8370-433C-BBB2-B9181FEF88FE-1024x769.jpeg,siamese,0,train
8893542_f1024,data/cat_v1/siamese/8893542_f1024.jpg,siamese,0,train
8e369cb53581d1f44ebcbf0da6d7a038,data/cat_v1/siamese/8e369cb53581d1f44ebcbf0da6d7a038.jpg,siamese,0,test
913348,data/cat_v1/siamese/913348.jpg,siamese,0,train
92bfde9281771b030246141b29fc8632,data/cat_v1/siamese/92bfde9281771b030246141b29fc8632.jpg,siamese,0,train
9325bb65484130de3498b01a6c0ca80c,data/cat_v1/siamese/9325bb65484130de3498b01a6c0ca80c.jpg,siamese,0,test
939066213c04dace167e12d7f652df39,data/cat_v1/siamese/939066213c04dace167e12d7f652df39.jpg,siamese,0,train
9525ea63032aed9ac2e74efd2f834a0c,data/cat_v1/siamese/9525ea63032aed9ac2e74efd2f834a0c.jpg,siamese,0,train
95de099715d8839a7187c23c6d0b20ff,data/cat_v1/siamese/95de099715d8839a7187c23c6d0b20ff.jpg,siamese,0,train
96de128b7b348305659b71c5f6fa4bb8,data/cat_v1/siamese/96de128b7b348305659b71c5f6fa4bb8.jpg,siamese,0,train
9d5vxhi28ek01,data/cat_v1/siamese/9d5vxhi28ek01.jpg,siamese,0,train
9e3a4f58b72cfe0d36a740a7aecc3dc4,data/cat_v1/siamese/9e3a4f58b72cfe0d36a740a7aecc3dc4.jpg,siamese,0,train
9fe4505de375c599107c98b52efefa3f,data/cat_v1/siamese/9fe4505de375c599107c98b52efefa3f.jpg,siamese,0,train
A-beautiful-Siamese-cat-looking-at-something,data/cat_v1/siamese/A-beautiful-Siamese-cat-looking-at-something.jpg,siamese,0,train
A-red-point-Siamese-cat-looking-at-the-camera-photographed-on-a-dark-background,data/cat_v1/siamese/A-red-point-Siamese-cat-looking-at-the-camera-photographed-on-a-dark-background.jpg,siamese,0,train
Best-cat-food-for-siamese,data/cat_v1/siamese/Best-cat-food-for-siamese.jpg,siamese,0,train
Cat-L00131840-7IHy4L-orig,data/cat_v1/siamese/Cat-L00131840-7IHy4L-orig.jpeg,siamese,0,train
Chocolate-point-Siamese-cats-scaled,data/cat_v1/siamese/Chocolate-point-Siamese-cats-scaled.jpg,siamese,0,train
Fluffy-siamese-cat-black-siamese-cat-with-blue-eyes-siamese-mix-cats-grey-himalayan-siamese-cat-mix-lilac-point-siamese-cats-1.Fluffy-siamese-cat-black-,data/cat_v1/siamese/Fluffy-siamese-cat-black-siamese-cat-with-blue-eyes-siamese-mix-cats-grey-himalayan-siamese-cat-mix-lilac-point-siamese-cats-1.Fluffy-siamese-cat-black-.jpg,siamese,0,train
Health-of-Siamese-cat,data/cat_v1/siamese/Health-of-Siamese-cat.png,siamese,0,train
IMG_9374,data/cat_v1/siamese/IMG_9374.jpg,siamese,0,train
J5svhB,data/cat_v1/siamese/J5svhB.jpg,siamese,0,train
K2C8nY,data/cat_v1/siamese/K2C8nY.jpg,siamese,0,val
Lilac-Point-Siamese-Kitten-Wallpaper,data/cat_v1/siamese/Lilac-Point-Siamese-Kitten-Wallpaper.jpg,siamese,0,train
Mg4hV4p,data/cat_v1/siamese/Mg4hV4p.jpg,siamese,0,val
Siamese-Cat-2,data/cat_v1/siamese/Siamese-Cat-2.jpg,siamese,0,train
Siamese-Cat,data/cat_v1/siamese/Siamese-Cat.jpg,siamese,0,test
Siamese-Kitten,data/cat_v1/siamese/Siamese-Kitten.jpg,siamese,0,test
Siamese-cat-Is-So-Small,data/cat_v1/siamese/Siamese-cat-Is-So-Small.jpg,siamese,0,train
Siamese-cat-meow-scaled,data/cat_v1/siamese/Siamese-cat-meow-scaled.jpg,siamese,0,val
SiameseCatDay-1200x834,data/cat_v1/siamese/SiameseCatDay-1200x834.jpg,siamese,0,test
SiameseChocolatePointCat_3867x2578-56b65ca43df78c0b1359692d,data/cat_v1/siamese/SiameseChocolatePointCat_3867x2578-56b65ca43df78c0b1359692d.jpg,siamese,0,test
Siamese_100,data/cat_v1/siamese/Siamese_100.jpg,siamese,0,train
Siamese_101,data/cat_v1/siamese/Siamese_101.jpg,siamese,0,train
Siamese_102,data/cat_v1/siamese/Siamese_102.jpg,siamese,0,train
Siamese_103,data/cat_v1/siamese/Siamese_103.jpg,siamese,0,val
Siamese_104,data/cat_v1/siamese/Siamese_104.jpg,siamese,0,train
Siamese_106,data/cat_v1/siamese/Siamese_106.jpg,siamese,0,train
Siamese_108,data/cat_v1/siamese/Siamese_108.jpg,siamese,0,val
Siamese_109,data/cat_v1/siamese/Siamese_109.jpg,siamese,0,train
Siamese_110,data/cat_v1/siamese/Siamese_110.jpg,siamese,0,train
Siamese_111,data/cat_v1/siamese/Siamese_111.jpg,siamese,0,train
Siamese_112,data/cat_v1/siamese/Siamese_112.jpg,siamese,0,train
Siamese_113,data/cat_v1/siamese/Siamese_113.jpg,siamese,0,train
Siamese_114,data/cat_v1/siamese/Siamese_114.jpg,siamese,0,train
Siamese_115,data/cat_v1/siamese/Siamese_115.jpg,siamese,0,train
Siamese_116,data/cat_v1/siamese/Siamese_116.jpg,siamese,0,train
Siamese_117,data/cat_v1/siamese/Siamese_117.jpg,siamese,0,train
Siamese_119,data/cat_v1/siamese/Siamese_119.jpg,siamese,0,test
Siamese_120,data/cat_v1/siamese/Siamese_120.jpg,siamese,0,train
Siamese_122,data/cat_v1/siamese/Siamese_122.jpg,siamese,0,train
Siamese_125,data/cat_v1/siamese/Siamese_125.jpg,siamese,0,train
Siamese_126,data/cat_v1/siamese/Siamese_126.jpg,siamese,0,train
Siamese_127,data/cat_v1/siamese/Siamese_127.jpg,siamese,0,val
Siamese_128,data/cat_v1/siamese/Siamese_128.jpg,siamese,0,val
Siamese_129,data/cat_v1/siamese/Siamese_129.jpg,siamese,0,val
Siamese_130,data/cat_v1/siamese/Siamese_130.jpg,siamese,0,val
Siamese_131,data/cat_v1/siamese/Siamese_131.jpg,siamese,0,train
Siamese_133,data/cat_v1/siamese/Siamese_133.jpg,siamese,0,train
Siamese_135,data/cat_v1/siamese/Siamese_135.jpg,siamese,0,train
Siamese_136,data/cat_v1/siamese/Siamese_136.jpg,siamese,0,train
Siamese_137,data/cat_v1/siamese/Siamese_137.jpg,siamese,0,test
Siamese_138,data/cat_v1/siamese/Siamese_138.jpg,siamese,0,train
Siamese_139,data/cat_v1/siamese/Siamese_139.jpg,siamese,0,train
Siamese_14,data/cat_v1/siamese/Siamese_14.jpg,siamese,0,val
Siamese_140,data/cat_v1/siamese/Siamese_140.jpg,siamese,0,train
Siamese_141,data/cat_v1/siamese/Siamese_141.jpg,siamese,0,test
Siamese_142,data/cat_v1/siamese/Siamese_142.jpg,siamese,0,train
Siamese_143,data/cat_v1/siamese/Siamese_143.jpg,siamese,0,train
Siamese_144,data/cat_v1/siamese/Siamese_144.jpg,siamese,0,test
Siamese_145,data/cat_v1/siamese/Siamese_145.jpg,siamese,0,test
Siamese_146,data/cat_v1/siamese/Siamese_146.jpg,siamese,0,train
Siamese_147,data/cat_v1/siamese/Siamese_147.jpg,siamese,0,train
Siamese_148,data/cat_v1/siamese/Siamese_148.jpg,siamese,0,train
Siamese_149,data/cat_v1/siamese/Siamese_149.jpg,siamese,0,test
Siamese_150,data/cat_v1/siamese/Siamese_150.jpg,siamese,0,train
Siamese_151,data/cat_v1/siamese/Siamese_151.jpg,siamese,0,train
Siamese_152,data/cat_v1/siamese/Siamese_152.jpg,siamese,0,train
Siamese_153,data/cat_v1/siamese/Siamese_153.jpg,siamese,0,val
Siamese_154,data/cat_v1/siamese/Siamese_154.jpg,siamese,0,train
Siamese_155,data/cat_v1/siamese/Siamese_155.jpg,siamese,0,train
Siamese_156,data/cat_v1/siamese/Siamese_156.jpg,siamese,0,test
Siamese_157,data/cat_v1/siamese/Siamese_157.jpg,siamese,0,train
Siamese_158,data/cat_v1/siamese/Siamese_158.jpg,siamese,0,train
Siamese_159,data/cat_v1/siamese/Siamese_159.jpg,siamese,0,train
Siamese_160,data/cat_v1/siamese/Siamese_160.jpg,siamese,0,train
Siamese_161,data/cat_v1/siamese/Siamese_161.jpg,siamese,0,val
Siamese_162,data/cat_v1/siamese/Siamese_162.jpg,siamese,0,train
Siamese_163,data/cat_v1/siamese/Siamese_163.jpg,siamese,0,train
Siamese_164,data/cat_v1/siamese/Siamese_164.jpg,siamese,0,train
Siamese_165,data/cat_v1/siamese/Siamese_165.jpg,siamese,0,train
Siamese_167,data/cat_v1/siamese/Siamese_167.jpg,siamese,0,train
Siamese_168,data/cat_v1/siamese/Siamese_168.jpg,siamese,0,val
Siamese_169,data/cat_v1/siamese/Siamese_169.jpg,siamese,0,train
Siamese_17,data/cat_v1/siamese/Siamese_17.jpg,siamese,0,train
Siamese_170,data/cat_v1/siamese/Siamese_170.jpg,siamese,0,train
Siamese_171,data/cat_v1/siamese/Siamese_171.jpg,siamese,0,val
Siamese_172,data/cat_v1/siamese/Siamese_172.jpg,siamese,0,train
Siamese_173,data/cat_v1/siamese/Siamese_173.jpg,siamese,0,train
Siamese_174,data/cat_v1/siamese/Siamese_174.jpg,siamese,0,train
Siamese_175,data/cat_v1/siamese/Siamese_175.jpg,siamese,0,train
Siamese_176,data/cat_v1/siamese/Siamese_176.jpg,siamese,0,val
Siamese_178,data/cat_v1/siamese/Siamese_178.jpg,siamese,0,train
Siamese_179,data/cat_v1/siamese/Siamese_179.jpg,siamese,0,train
Siamese_18,data/cat_v1/siamese/Siamese_18.jpg,siamese,0,train
Siamese_180,data/cat_v1/siamese/Siamese_180.jpg,siamese,0,val
Siamese_181,data/cat_v1/siamese/Siamese_181.jpg,siamese,0,train
Siamese_182,data/cat_v1/siamese/Siamese_182.jpg,siamese,0,train
Siamese_183,data/cat_v1/siamese/Siamese_183.jpg,siamese,0,train
Siamese_184,data/cat_v1/siamese/Siamese_184.jpg,siamese,0,train
Siamese_185,data/cat_v1/siamese/Siamese_185.jpg,siamese,0,train
Siamese_186,data/cat_v1/siamese/Siamese_186.jpg,siamese,0,test
Siamese_187,data/cat_v1/siamese/Siamese_187.jpg,siamese,0,train
Siamese_188,data/cat_v1/siamese/Siamese_188.jpg,siamese,0,train
Siamese_189,data/cat_v1/siamese/Siamese_189.jpg,siamese,0,val
Siamese_19,data/cat_v1/siamese/Siamese_19.jpg,siamese,0,train
Siamese_191,data/cat_v1/siamese/Siamese_191.jpg,siamese,0,train
Siamese_193,data/cat_v1/siamese/Siamese_193.jpg,siamese,0,val
Siamese_194,data/cat_v1/siamese/Siamese_194.jpg,siamese,0,train
Siamese_195,data/cat_v1/siamese/Siamese_195.jpg,siamese,0,val
Siamese_196,data/cat_v1/siamese/Siamese_196.jpg,siamese,0,train
Siamese_198,data/cat_v1/siamese/Siamese_198.jpg,siamese,0,val
Siamese_199,data/cat_v1/siamese/Siamese_199.jpg,siamese,0,train
Siamese_20,data/cat_v1/siamese/Siamese_20.jpg,siamese,0,train
Siamese_200,data/cat_v1/siamese/Siamese_200.jpg,siamese,0,test
Siamese_201,data/cat_v1/siamese/Siamese_201.jpg,siamese,0,val
Siamese_202,data/cat_v1/siamese/Siamese_202.jpg,siamese,0,val
Siamese_204,data/cat_v1/siamese/Siamese_204.jpg,siamese,0,val
Siamese_205,data/cat_v1/siamese/Siamese_205.jpg,siamese,0,train
Siamese_206,data/cat_v1/siamese/Siamese_206.jpg,siamese,0,train
Siamese_207,data/cat_v1/siamese/Siamese_207.jpg,siamese,0,train
Siamese_208,data/cat_v1/siamese/Siamese_208.jpg,siamese,0,train
Siamese_209,data/cat_v1/siamese/Siamese_209.jpg,siamese,0,test
Siamese_21,data/cat_v1/siamese/Siamese_21.jpg,siamese,0,test
Siamese_210,data/cat_v1/siamese/Siamese_210.jpg,siamese,0,train
Siamese_216,data/cat_v1/siamese/Siamese_216.jpg,siamese,0,train
Siamese_218,data/cat_v1/siamese/Siamese_218.jpg,siamese,0,test
Siamese_22,data/cat_v1/siamese/Siamese_22.jpg,siamese,0,test
Siamese_222,data/cat_v1/siamese/Siamese_222.jpg,siamese,0,train
Siamese_224,data/cat_v1/siamese/Siamese_224.jpg,siamese,0,val
Siamese_225,data/cat_v1/siamese/Siamese_225.jpg,siamese,0,test
Siamese_227,data/cat_v1/siamese/Siamese_227.jpg,siamese,0,train
Siamese_228,data/cat_v1/siamese/Siamese_228.jpg,siamese,0,train
Siamese_23,data/cat_v1/siamese/Siamese_23.jpg,siamese,0,train
Siamese_231,data/cat_v1/siamese/Siamese_231.jpg,siamese,0,train
Siamese_232,data/cat_v1/siamese/Siamese_232.jpg,siamese,0,train
Siamese_233,data/cat_v1/siamese/Siamese_233.jpg,siamese,0,val
Siamese_234,data/cat_v1/siamese/Siamese_234.jpg,siamese,0,train
Siamese_237,data/cat_v1/siamese/Siamese_237.jpg,siamese,0,train
Siamese_238,data/cat_v1/siamese/Siamese_238.jpg,siamese,0,train
Siamese_24,data/cat_v1/siamese/Siamese_24.jpg,siamese,0,train
Siamese_240,data/cat_v1/siamese/Siamese_240.jpg,siamese,0,train
Siamese_247,data/cat_v1/siamese/Siamese_247.jpg,siamese,0,val
Siamese_249,data/cat_v1/siamese/Siamese_249.jpg,siamese,0,train
Siamese_25,data/cat_v1/siamese/Siamese_25.jpg,siamese,0,train
Siamese_250,data/cat_v1/siamese/Siamese_250.jpg,siamese,0,train
Siamese_254,data/cat_v1/siamese/Siamese_254.jpg,siamese,0,val
Siamese_257,data/cat_v1/siamese/Siamese_257.jpg,siamese,0,test
Siamese_26,data/cat_v1/siamese/Siamese_26.jpg,siamese,0,train
Siamese_27,data/cat_v1/siamese/Siamese_27.jpg,siamese,0,train
Siamese_28,data/cat_v1/siamese/Siamese_28.jpg,siamese,0,val
Siamese_29,data/cat_v1/siamese/Siamese_29.jpg,siamese,0,train
Siamese_30,data/cat_v1/siamese/Siamese_30.jpg,siamese,0,val
Siamese_31,data/cat_v1/siamese/Siamese_31.jpg,siamese,0,test
Siamese_32,data/cat_v1/siamese/Siamese_32.jpg,siamese,0,val
Siamese_33,data/cat_v1/siamese/Siamese_33.jpg,siamese,0,train
Siamese_34,data/cat_v1/siamese/Siamese_34.jpg,siamese,0,train
Siamese_35,data/cat_v1/siamese/Siamese_35.jpg,siamese,0,train
Siamese_36,data/cat_v1/siamese/Siamese_36.jpg,siamese,0,train
Siamese_37,data/cat_v1/siamese/Siamese_37.jpg,siamese,0,train
Siamese_39,data/cat_v1/siamese/Siamese_39.jpg,siamese,0,train
Siamese_40,data/cat_v1/siamese/Siamese_40.jpg,siamese,0,train
Siamese_41,data/cat_v1/siamese/Siamese_41.jpg,siamese,0,val
Siamese_42,data/cat_v1/siamese/Siamese_42.jpg,siamese,0,train
Siamese_43,data/cat_v1/siamese/Siamese_43.jpg,siamese,0,train
Siamese_44,data/cat_v1/siamese/Siamese_44.jpg,siamese,0,train
Siamese_46,data/cat_v1/siamese/Siamese_46.jpg,siamese,0,train
Siamese_47,data/cat_v1/siamese/Siamese_47.jpg,siamese,0,test
Siamese_48,data/cat_v1/siamese/Siamese_48.jpg,siamese,0,train
Siamese_49,data/cat_v1/siamese/Siamese_49.jpg,siamese,0,train
Siamese_5,data/cat_v1/siamese/Siamese_5.jpg,siamese,0,test
Siamese_50,data/cat_v1/siamese/Siamese_50.jpg,siamese,0,train
Siamese_51,data/cat_v1/siamese/Siamese_51.jpg,siamese,0,train
Siamese_52,data/cat_v1/siamese/Siamese_52.jpg,siamese,0,train
Siamese_53,data/cat_v1/siamese/Siamese_53.jpg,siamese,0,train
Siamese_54,data/cat_v1/siamese/Siamese_54.jpg,siamese,0,train
Siamese_55,data/cat_v1/siamese/Siamese_55.jpg,siamese,0,train
Siamese_56,data/cat_v1/siamese/Siamese_56.jpg,siamese,0,test
Siamese_57,data/cat_v1/siamese/Siamese_57.jpg,siamese,0,train
Siamese_58,data/cat_v1/siamese/Siamese_58.jpg,siamese,0,test
Siamese_59,data/cat_v1/siamese/Siamese_59.jpg,siamese,0,val
Siamese_6,data/cat_v1/siamese/Siamese_6.jpg,siamese,0,train
Siamese_60,data/cat_v1/siamese/Siamese_60.jpg,siamese,0,train
Siamese_61,data/cat_v1/siamese/Siamese_61.jpg,siamese,0,val
Siamese_63,data/cat_v1/siamese/Siamese_63.jpg,siamese,0,test
Siamese_64,data/cat_v1/siamese/Siamese_64.jpg,siamese,0,test
Siamese_65,data/cat_v1/siamese/Siamese_65.jpg,siamese,0,train
Siamese_66,data/cat_v1/siamese/Siamese_66.jpg,siamese,0,train
Siamese_67,data/cat_v1/siamese/Siamese_67.jpg,siamese,0,train
Siamese_69,data/cat_v1/siamese/Siamese_69.jpg,siamese,0,val
Siamese_70,data/cat_v1/siamese/Siamese_70.jpg,siamese,0,train
Siamese_71,data/cat_v1/siamese/Siamese_71.jpg,siamese,0,train
Siamese_72,data/cat_v1/siamese/Siamese_72.jpg,siamese,0,train
Siamese_73,data/cat_v1/siamese/Siamese_73.jpg,siamese,0,train
Siamese_74,data/cat_v1/siamese/Siamese_74.jpg,siamese,0,train
Siamese_75,data/cat_v1/siamese/Siamese_75.jpg,siamese,0,val
Siamese_76,data/cat_v1/siamese/Siamese_76.jpg,siamese,0,train
Siamese_77,data/cat_v1/siamese/Siamese_77.jpg,siamese,0,val
Siamese_78,data/cat_v1/siamese/Siamese_78.jpg,siamese,0,train
Siamese_79,data/cat_v1/siamese/Siamese_79.jpg,siamese,0,val
Siamese_80,data/cat_v1/siamese/Siamese_80.jpg,siamese,0,train
Siamese_81,data/cat_v1/siamese/Siamese_81.jpg,siamese,0,train
Siamese_82,data/cat_v1/siamese/Siamese_82.jpg,siamese,0,train
Siamese_83,data/cat_v1/siamese/Siamese_83.jpg,siamese,0,val
Siamese_84,data/cat_v1/siamese/Siamese_84.jpg,siamese,0,train
Siamese_85,data/cat_v1/siamese/Siamese_85.jpg,siamese,0,train
Siamese_86,data/cat_v1/siamese/Siamese_86.jpg,siamese,0,val
Siamese_87,data/cat_v1/siamese/Siamese_87.jpg,siamese,0,val
Siamese_88,data/cat_v1/siamese/Siamese_88.jpg,siamese,0,train
Siamese_89,data/cat_v1/siamese/Siamese_89.jpg,siamese,0,train
Siamese_9,data/cat_v1/siamese/Siamese_9.jpg,siamese,0,train
Siamese_90,data/cat_v1/siamese/Siamese_90.jpg,siamese,0,test
Siamese_91,data/cat_v1/siamese/Siamese_91.jpg,siamese,0,train
Siamese_92,data/cat_v1/siamese/Siamese_92.jpg,siamese,0,train
Siamese_93,data/cat_v1/siamese/Siamese_93.jpg,siamese,0,val
Siamese_94,data/cat_v1/siamese/Siamese_94.jpg,siamese,0,test
Siamese_95,data/cat_v1/siamese/Siamese_95.jpg,siamese,0,train
Siamese_96,data/cat_v1/siamese/Siamese_96.jpg,siamese,0,train
Siamese_97,data/cat_v1/siamese/Siamese_97.jpg,siamese,0,test
Siamese_98,data/cat_v1/siamese/Siamese_98.jpg,siamese,0,train
Siamese_99,data/cat_v1/siamese/Siamese_99.jpg,siamese,0,test
Siamese_Cat_Hybrid,data/cat_v1/siamese/Siamese_Cat_Hybrid.jpg,siamese,0,train
Uju9kzt,data/cat_v1/siamese/Uju9kzt.jpg,siamese,0,train
W7NmVk,data/cat_v1/siamese/W7NmVk.jpg,siamese,0,train
Z84bApNyRXtnqFITE1_SgpaofCmyOoKwS20cF6Te2ZM,data/cat_v1/siamese/Z84bApNyRXtnqFITE1_SgpaofCmyOoKwS20cF6Te2ZM.jpg,siamese,0,train
a51f44224172992096a716cc377518e4,data/cat_v1/siamese/a51f44224172992096a716cc377518e4.jpg,siamese,0,val
a79b915b73d3a6768d5d737750a4c17d,data/cat_v1/siamese/a79b915b73d3a6768d5d737750a4c17d.jpg,siamese,0,train
b-siamese-day-1024x768,data/cat_v1/siamese/b-siamese-day-1024x768.jpg,siamese,0,train
b27350077db2fcffb45476284418674d,data/cat_v1/siamese/b27350077db2fcffb45476284418674d.jpg,siamese,0,test
b3a0be693a2e79a5af423c1a162a745e,data/cat_v1/siamese/b3a0be693a2e79a5af423c1a162a745e.jpg,siamese,0,train
b3da55631c441607ab745ba36b505a18,data/cat_v1/siamese/b3da55631c441607ab745ba36b505a18.jpg,siamese,0,train
b478a062c97de1af639c5e699c5719f7,data/cat_v1/siamese/b478a062c97de1af639c5e699c5719f7.jpg,siamese,0,train
b56a969151af2f622e39308707ecca5a,data/cat_v1/siamese/b56a969151af2f622e39308707ecca5a.jpg,siamese,0,train
b754d18872ce532415954ca5b0d5c33a,data/cat_v1/siamese/b754d18872ce532415954ca5b0d5c33a.jpg,siamese,0,train
b9806142c0ce52e64582e2759ae30ca9,data/cat_v1/siamese/b9806142c0ce52e64582e2759ae30ca9.jpg,siamese,0,val
b9c5b63068c2fffc25c6778b4d3d0691,data/cat_v1/siamese/b9c5b63068c2fffc25c6778b4d3d0691.jpg,siamese,0,train
bdf04e5a78550f42ba17ed1f0b6ae633,data/cat_v1/siamese/bdf04e5a78550f42ba17ed1f0b6ae633.jpg,siamese,0,train
be2fd3048eaf67e665716106a5c849ae,data/cat_v1/siamese/be2fd3048eaf67e665716106a5c849ae.jpg,siamese,0,train
beautiful-cat386,data/cat_v1/siamese/beautiful-cat386.jpg,siamese,0,test
bffbfba7b5363595888f09444cc96489,data/cat_v1/siamese/bffbfba7b5363595888f09444cc96489.jpg,siamese,0,train
blue-point-siamese,data/cat_v1/siamese/blue-point-siamese.jpg,siamese,0,train
bluepoint1,data/cat_v1/siamese/bluepoint1.jpg,siamese,0,train
c06c0852fc21421e0db6c2d34148cba7,data/cat_v1/siamese/c06c0852fc21421e0db6c2d34148cba7.jpg,siamese,0,train
c078399e0ff8931cc2442816d01978be,data/cat_v1/siamese/c078399e0ff8931cc2442816d01978be.jpg,siamese,0,train
c854a5a1ea9d7a45288dd3e84f53143a,data/cat_v1/siamese/c854a5a1ea9d7a45288dd3e84f53143a.jpg,siamese,0,train
c8ff290796b633abad6070ea8b2b98d2,data/cat_v1/siamese/c8ff290796b633abad6070ea8b2b98d2.jpg,siamese,0,train
cat-1598110_1920,data/cat_v1/siamese/cat-1598110_1920.jpg,siamese,0,test
cat-animals-siamese-cats-blue-eyes-wallpaper,data/cat_v1/siamese/cat-animals-siamese-cats-blue-eyes-wallpaper.jpg,siamese,0,train
cat-kitten-pets-tabby-kitten-162146,data/cat_v1/siamese/cat-kitten-pets-tabby-kitten-162146.jpeg,siamese,0,train
cat-mieze-siamese-cat-siamese-wallpaper,data/cat_v1/siamese/cat-mieze-siamese-cat-siamese-wallpaper.jpg,siamese,0,test
cat-siamese-blue-eyed-siamese-wallpaper,data/cat_v1/siamese/cat-siamese-blue-eyed-siamese-wallpaper.jpg,siamese,0,test
cat-siamese-cat-79464,data/cat_v1/siamese/cat-siamese-cat-79464.jpeg,siamese,0,val
choco_siamese_2_x3,data/cat_v1/siamese/choco_siamese_2_x3.jpg,siamese,0,train
d0ef554cfba2de252a25b6049a490a0f,data/cat_v1/siamese/d0ef554cfba2de252a25b6049a490a0f.jpg,siamese,0,train
d2dc69e105c1ba4d03de0682e5d6a653,data/cat_v1/siamese/d2dc69e105c1ba4d03de0682e5d6a653.jpg,siamese,0,val
d8f88cd0e58950e21c861936a463a314,data/cat_v1/siamese/d8f88cd0e58950e21c861936a463a314.jpg,siamese,0,train
da61c2e22389602f777f51587235a613,data/cat_v1/siamese/da61c2e22389602f777f51587235a613.jpg,siamese,0,val
dda3c06d5fe9a260e50c18eb757e7d94,data/cat_v1/siamese/dda3c06d5fe9a260e50c18eb757e7d94.jpg,siamese,0,train
dk09sR,data/cat_v1/siamese/dk09sR.jpg,siamese,0,train
ec2eb810386575e6a0cb0bbde6ba4aec,data/cat_v1/siamese/ec2eb810386575e6a0cb0bbde6ba4aec.jpg,siamese,0,train
eceeeefb85198583ef5422b449c0e72a,data/cat_v1/siamese/eceeeefb85198583ef5422b449c0e72a.jpg,siamese,0,train
f47b2f80197f792cbb6bbc957d7c75ea,data/cat_v1/siamese/f47b2f80197f792cbb6bbc957d7c75ea.jpg,siamese,0,val
f569738487b095f901e3410f0b705fc7,data/cat_v1/siamese/f569738487b095f901e3410f0b705fc7.jpg,siamese,0,train
f6b8fa4ffd3008635c1cf6ced4519f8e,data/cat_v1/siamese/f6b8fa4ffd3008635c1cf6ced4519f8e.jpg,siamese,0,train
f8171fdc11feb1b38679ad5da10072c2,data/cat_v1/siamese/f8171fdc11feb1b38679ad5da10072c2.jpg,siamese,0,test
fbce61536adf6aa8af3c6f3319f0a4de,data/cat_v1/siamese/fbce61536adf6aa8af3c6f3319f0a4de.jpg,siamese,0,val
fbddef7e082ed201d3fe2b5709cdc39c,data/cat_v1/siamese/fbddef7e082ed201d3fe2b5709cdc39c.jpg,siamese,0,train
fdbd8ccd0546c7e0cd706be80cdaf531,data/cat_v1/siamese/fdbd8ccd0546c7e0cd706be80cdaf531.jpg,siamese,0,test
ff9810a94a2b6e815f8273a0e66c99fe,data/cat_v1/siamese/ff9810a94a2b6e815f8273a0e66c99fe.jpg,siamese,0,val
flame-point-siamese,data/cat_v1/siamese/flame-point-siamese.jpg,siamese,0,train
h5NVzr,data/cat_v1/siamese/h5NVzr.jpg,siamese,0,train
j9w1squ40s641,data/cat_v1/siamese/j9w1squ40s641.jpg,siamese,0,train
kfy8h08yhesz,data/cat_v1/siamese/kfy8h08yhesz.jpg,siamese,0,train
kitty-lilac-siamese,data/cat_v1/siamese/kitty-lilac-siamese.jpg,siamese,0,train
n8tNR2,data/cat_v1/siamese/n8tNR2.jpg,siamese,0,val
olliethesiamesecat_66920444_148308916258639_7780867247758274833_n-1024x1024,data/cat_v1/siamese/olliethesiamesecat_66920444_148308916258639_7780867247758274833_n-1024x1024.jpg,siamese,0,train
p9oebys0agc11,data/cat_v1/siamese/p9oebys0agc11.jpg,siamese,0,train
pexels-photo-693651,data/cat_v1/siamese/pexels-photo-693651.jpeg,siamese,0,train
pexels-photo-772852,data/cat_v1/siamese/pexels-photo-772852.jpeg,siamese,0,train
pexels-photo-776375,data/cat_v1/siamese/pexels-photo-776375.jpeg,siamese,0,train
pexels-photo-790033,data/cat_v1/siamese/pexels-photo-790033.jpeg,siamese,0,train
seal-point-siamese-1,data/cat_v1/siamese/seal-point-siamese-1.jpg,siamese,0,test
shutterstock_116759884-e1520615682414,data/cat_v1/siamese/shutterstock_116759884-e1520615682414.jpg,siamese,0,train
shutterstock_137532869-e1520615431283,data/cat_v1/siamese/shutterstock_137532869-e1520615431283.jpg,siamese,0,train
shutterstock_262571516-e1520615420194,data/cat_v1/siamese/shutterstock_262571516-e1520615420194.jpg,siamese,0,train
siamese-390965,data/cat_v1/siamese/siamese-390965.jpg,siamese,0,train
siamese-409718,data/cat_v1/siamese/siamese-409718.png,siamese,0,train
siamese-438326,data/cat_v1/siamese/siamese-438326.jpeg,siamese,0,val
siamese-479556,data/cat_v1/siamese/siamese-479556.jpg,siamese,0,train
siamese-512606,data/cat_v1/siamese/siamese-512606.jpg,siamese,0,train
siamese-536783,data/cat_v1/siamese/siamese-536783.jpg,siamese,0,test
siamese-540639,data/cat_v1/siamese/siamese-540639.jpg,siamese,0,train
siamese-618536,data/cat_v1/siamese/siamese-618536.jpeg,siamese,0,train
siamese-654188,data/cat_v1/siamese/siamese-654188.jpg,siamese,0,test
siamese-661305,data/cat_v1/siamese/siamese-661305.jpg,siamese,0,test
siamese-661308,data/cat_v1/siamese/siamese-661308.jpg,siamese,0,train
siamese-680243,data/cat_v1/siamese/siamese-680243.jpg,siamese,0,val
siamese-734540,data/cat_v1/siamese/siamese-734540.jpeg,siamese,0,train
siamese-cat-11,data/cat_v1/siamese/siamese-cat-11.jpg,siamese,0,train
siamese-cat-3,data/cat_v1/siamese/siamese-cat-3.jpg,siamese,0,train
siamese-cat-408845_1280,data/cat_v1/siamese/siamese-cat-408845_1280.jpg,siamese,0,train
siamese-cat-breed (1),data/cat_v1/siamese/siamese-cat-breed (1).jpg,siamese,0,train
siamese-cat-breed-1-1200x800,data/cat_v1/siamese/siamese-cat-breed-1-1200x800.jpg,siamese,0,test
siamese-cat-breed,data/cat_v1/siamese/siamese-cat-breed.jpg,siamese,0,train
siamese-cat-cat-cat-kitten-animal-wallpaper,data/cat_v1/siamese/siamese-cat-cat-cat-kitten-animal-wallpaper.jpg,siamese,0,val
siamese-cat-cute-kitten-blue-eyes-animals,data/cat_v1/siamese/siamese-cat-cute-kitten-blue-eyes-animals.jpeg,siamese,0,train
siamese-cat-domestic-animal-wallpaper,data/cat_v1/siamese/siamese-cat-domestic-animal-wallpaper.jpg,siamese,0,train
siamese-cat-food,data/cat_v1/siamese/siamese-cat-food.jpg,siamese,0,test
siamese-cat-health,data/cat_v1/siamese/siamese-cat-health.jpg,siamese,0,val
siamese-cats-888320,data/cat_v1/siamese/siamese-cats-888320.jpg,siamese,0,train
siamese-feral-cat,data/cat_v1/siamese/siamese-feral-cat.jpg,siamese,0,train
siamese-kitten-888317,data/cat_v1/siamese/siamese-kitten-888317.jpg,siamese,0,train
siamese-mix-cat-2,data/cat_v1/siamese/siamese-mix-cat-2.jpg,siamese,0,train
siamese-tabby-881928,data/cat_v1/siamese/siamese-tabby-881928.jpg,siamese,0,train
siamese-tabby-kitten-888313,data/cat_v1/siamese/siamese-tabby-kitten-888313.jpg,siamese,0,test
siamese1,data/cat_v1/siamese/siamese1.jpg,siamese,0,train
siamese_cat_x,data/cat_v1/siamese/siamese_cat_x.jpg,siamese,0,train
sleeping-cat-1042303_1280,data/cat_v1/siamese/sleeping-cat-1042303_1280.jpg,siamese,0,train
thumb-1920-870584,data/cat_v1/siamese/thumb-1920-870584.jpg,siamese,0,train
traditional-siamese-kitten-892178,data/cat_v1/siamese/traditional-siamese-kitten-892178.jpg,siamese,0,train
uploaded-5a3d981f95df29.27571290,data/cat_v1/siamese/uploaded-5a3d981f95df29.27571290.jpeg,siamese,0,train
uploaded-5a3d9957608125.55499237,data/cat_v1/siamese/uploaded-5a3d9957608125.55499237.jpeg,siamese,0,train
white-siamese-cats-1024x853,data/cat_v1/siamese/white-siamese-cats-1024x853.jpg,siamese,0,train
wp7623434,data/cat_v1/siamese/wp7623434.jpg,siamese,0,train
young-cat--kitten-of-siam--oriental-breed--bobtail-mekong--lies-on-bed-955264812-5c8bf43cc9e77c0001a92647,data/cat_v1/siamese/young-cat--kitten-of-siam--oriental-breed--bobtail-mekong--lies-on-bed-955264812-5c8bf43cc9e77c0001a92647.jpg,siamese,0,test
zRwgo2N,data/cat_v1/siamese/zRwgo2N.jpg,siamese,0,val
zxtw5kluwri21,data/cat_v1/siamese/zxtw5kluwri21.jpg,siamese,0,train
